run_id,method,preproc,degradation,level,metric,value
20260913T203406-7374a4f,pca_svm,clahe_gray,clean,0.0,val_accuracy,0.8441890166028098
20260913T203406-7374a4f,pca_svm,clahe_gray,clean,0.0,val_macro_f1,0.797725721053435
20260913T203406-7374a4f,pca_svm,clahe_gray,clean,0.0,val_weighted_f1,0.8432599194523185
20260913T203406-7374a4f,pca_svm,clahe_gray,clean,0.0,val_n_samples,7830.0
20260913T203406-7374a4f,pca_svm,clahe_gray,clean,0.0,val_f1_class_0,0.5142857142857142
20260913T203406-7374a4f,pca_svm,clahe_gray,clean,0.0,val_f1_class_1,0.8004807692307693
20260913T203406-7374a4f,pca_svm,clahe_gray,clean,0.0,val_f1_class_2,0.8467650397275823
20260913T203406-7374a4f,pca_svm,clahe_gray,clean,0.0,val_f1_class_3,0.7914614121510674
20260913T203406-7374a4f,pca_svm,clahe_gray,clean,0.0,val_f1_class_4,0.8241082410824109
20260913T203406-7374a4f,pca_svm,clahe_gray,clean,0.0,val_f1_class_5,0.7154213036565977
20260913T203406-7374a4f,pca_svm,clahe_gray,clean,0.0,val_f1_class_6,0.8165137614678899
20260913T203406-7374a4f,pca_svm,clahe_gray,clean,0.0,val_f1_class_7,0.8206039076376554
20260913T203406-7374a4f,pca_svm,clahe_gray,clean,0.0,val_f1_class_8,0.7304964539007093
20260913T203406-7374a4f,pca_svm,clahe_gray,clean,0.0,val_f1_class_9,0.9504273504273504
20260913T203406-7374a4f,pca_svm,clahe_gray,clean,0.0,val_f1_class_10,0.9538077403245943
20260913T203406-7374a4f,pca_svm,clahe_gray,clean,0.0,val_f1_class_11,0.943609022556391
20260913T203406-7374a4f,pca_svm,clahe_gray,clean,0.0,val_f1_class_12,0.7931818181818182
20260913T203406-7374a4f,pca_svm,clahe_gray,clean,0.0,val_f1_class_13,0.9581839904420549
20260913T203406-7374a4f,pca_svm,clahe_gray,clean,0.0,val_f1_class_14,0.8833922261484098
20260913T203406-7374a4f,pca_svm,clahe_gray,clean,0.0,val_f1_class_15,0.743421052631579
20260913T203406-7374a4f,pca_svm,clahe_gray,clean,0.0,val_f1_class_16,0.9574468085106383
20260913T203406-7374a4f,pca_svm,clahe_gray,clean,0.0,val_f1_class_17,0.9786223277909739
20260913T203406-7374a4f,pca_svm,clahe_gray,clean,0.0,val_f1_class_18,0.8813559322033898
20260913T203406-7374a4f,pca_svm,clahe_gray,clean,0.0,val_f1_class_19,0.5833333333333334
20260913T203406-7374a4f,pca_svm,clahe_gray,clean,0.0,val_f1_class_20,0.5421686746987951
20260913T203406-7374a4f,pca_svm,clahe_gray,clean,0.0,val_f1_class_21,0.7931034482758621
20260913T203406-7374a4f,pca_svm,clahe_gray,clean,0.0,val_f1_class_22,0.9513513513513514
20260913T203406-7374a4f,pca_svm,clahe_gray,clean,0.0,val_f1_class_23,0.7961165048543689
20260913T203406-7374a4f,pca_svm,clahe_gray,clean,0.0,val_f1_class_24,0.6846846846846847
20260913T203406-7374a4f,pca_svm,clahe_gray,clean,0.0,val_f1_class_25,0.8795811518324608
20260913T203406-7374a4f,pca_svm,clahe_gray,clean,0.0,val_f1_class_26,0.875968992248062
20260913T203406-7374a4f,pca_svm,clahe_gray,clean,0.0,val_f1_class_27,0.7378640776699029
20260913T203406-7374a4f,pca_svm,clahe_gray,clean,0.0,val_f1_class_28,0.7064676616915423
20260913T203406-7374a4f,pca_svm,clahe_gray,clean,0.0,val_f1_class_29,0.3584905660377358
20260913T203406-7374a4f,pca_svm,clahe_gray,clean,0.0,val_f1_class_30,0.7939698492462312
20260913T203406-7374a4f,pca_svm,clahe_gray,clean,0.0,val_f1_class_31,0.7628865979381443
20260913T203406-7374a4f,pca_svm,clahe_gray,clean,0.0,val_f1_class_32,0.40298507462686567
20260913T203406-7374a4f,pca_svm,clahe_gray,clean,0.0,val_f1_class_33,0.9415584415584416
20260913T203406-7374a4f,pca_svm,clahe_gray,clean,0.0,val_f1_class_34,0.9720670391061452
20260913T203406-7374a4f,pca_svm,clahe_gray,clean,0.0,val_f1_class_35,0.9438669438669439
20260913T203406-7374a4f,pca_svm,clahe_gray,clean,0.0,val_f1_class_36,0.9371428571428572
20260913T203406-7374a4f,pca_svm,clahe_gray,clean,0.0,val_f1_class_37,0.9508196721311475
20260913T203406-7374a4f,pca_svm,clahe_gray,clean,0.0,val_f1_class_38,0.9537366548042705
20260913T203406-7374a4f,pca_svm,clahe_gray,clean,0.0,val_f1_class_39,0.9836065573770492
20260913T203406-7374a4f,pca_svm,clahe_gray,clean,0.0,val_f1_class_40,0.4666666666666667
20260913T203406-7374a4f,pca_svm,clahe_gray,clean,0.0,val_f1_class_41,0.42857142857142855
20260913T203406-7374a4f,pca_svm,clahe_gray,clean,0.0,val_f1_class_42,0.9516129032258065
20260913T203406-7374a4f,pca_svm,clahe_gray,clean,0.0,train_seconds,28.688637896000728
20260913T203406-7374a4f,pca_svm,clahe_gray,clean,0.0,inference_seconds,0.05190102900087368
20260913T203406-7374a4f,pca_svm,clahe_gray,clean,0.0,inference_ms_per_image,0.006628483908157558
20260913T203406-7374a4f,pca_svm,clahe_gray,clean,0.0,inference_single_seconds,0.00032537900187890045
20260913T203406-7374a4f,pca_svm,clahe_gray,clean,0.0,inference_single_ms_per_image,0.32537900187890045
20260913T203406-7374a4f,pca_svm,clahe_gray,clean,0.0,selected_n_components,256.0
20260913T203406-7374a4f,pca_svm,clahe_gray,clean,0.0,selected_C,0.01
20260913T203406-7374a4f,pca_svm,clahe_gray,clean,0.0,selected_class_weight_balanced,1.0
20260913T203406-7374a4f,pca_svm,clahe_gray,clean,0.0,feature_dim,256.0
20260913T203406-7374a4f,pca_svm,clahe_gray,clean,0.0,model_size_mb,2.347893714904785
20260913T203406-7374a4f,pca_svm,clahe_gray,clean,0.0,n_train_images,31379.0
20260913T210054-b928809,pca_svm,clahe_gray,clean,0.0,leakage_val_accuracy_random_split,0.8949729165120167
20260913T210054-b928809,pca_svm,clahe_gray,clean,0.0,leakage_val_macro_f1_random_split,0.8935578738468681
20260913T210054-b928809,pca_svm,clahe_gray,clean,0.0,leakage_gap_accuracy_pp,5.078389990920695
20260913T210054-b928809,pca_svm,clahe_gray,clean,0.0,leakage_gap_macro_f1_pp,9.583215279343316
20260913T210054-b928809,pca_svm,clahe_gray,clean,0.0,leakage_random_split_seeds,3.0
20260913T210615-b928809,pca_svm,clahe_gray,clean,0.0,leakage_val_accuracy_random_split,0.8949729165120167
20260913T210615-b928809,pca_svm,clahe_gray,clean,0.0,leakage_val_macro_f1_random_split,0.8935578738468681
20260913T210615-b928809,pca_svm,clahe_gray,clean,0.0,leakage_gap_accuracy_pp,5.078389990920695
20260913T210615-b928809,pca_svm,clahe_gray,clean,0.0,leakage_gap_macro_f1_pp,9.583215279343316
20260913T210615-b928809,pca_svm,clahe_gray,clean,0.0,leakage_random_split_seeds,3.0
20260913T233750-f3ed184,cnn_e2e,clahe_gray,clean,0.0,val_accuracy,0.9901660280970626
20260913T233750-f3ed184,cnn_e2e,clahe_gray,clean,0.0,val_macro_f1,0.9872277066715885
20260913T233750-f3ed184,cnn_e2e,clahe_gray,clean,0.0,val_weighted_f1,0.990142382866635
20260913T233750-f3ed184,cnn_e2e,clahe_gray,clean,0.0,val_n_samples,7830.0
20260913T233750-f3ed184,cnn_e2e,clahe_gray,clean,0.0,val_f1_class_0,1.0
20260913T233750-f3ed184,cnn_e2e,clahe_gray,clean,0.0,val_f1_class_1,0.9878987898789879
20260913T233750-f3ed184,cnn_e2e,clahe_gray,clean,0.0,val_f1_class_2,0.9988901220865705
20260913T233750-f3ed184,cnn_e2e,clahe_gray,clean,0.0,val_f1_class_3,0.9981515711645101
20260913T233750-f3ed184,cnn_e2e,clahe_gray,clean,0.0,val_f1_class_4,0.9935979513444302
20260913T233750-f3ed184,cnn_e2e,clahe_gray,clean,0.0,val_f1_class_5,0.9778393351800554
20260913T233750-f3ed184,cnn_e2e,clahe_gray,clean,0.0,val_f1_class_6,0.994475138121547
20260913T233750-f3ed184,cnn_e2e,clahe_gray,clean,0.0,val_f1_class_7,0.9899665551839465
20260913T233750-f3ed184,cnn_e2e,clahe_gray,clean,0.0,val_f1_class_8,0.9772727272727273
20260913T233750-f3ed184,cnn_e2e,clahe_gray,clean,0.0,val_f1_class_9,0.9983361064891847
20260913T233750-f3ed184,cnn_e2e,clahe_gray,clean,0.0,val_f1_class_10,0.998719590268886
20260913T233750-f3ed184,cnn_e2e,clahe_gray,clean,0.0,val_f1_class_11,0.994413407821229
20260913T233750-f3ed184,cnn_e2e,clahe_gray,clean,0.0,val_f1_class_12,0.9783653846153846
20260913T233750-f3ed184,cnn_e2e,clahe_gray,clean,0.0,val_f1_class_13,0.9893742621015348
20260913T233750-f3ed184,cnn_e2e,clahe_gray,clean,0.0,val_f1_class_14,1.0
20260913T233750-f3ed184,cnn_e2e,clahe_gray,clean,0.0,val_f1_class_15,0.9876543209876543
20260913T233750-f3ed184,cnn_e2e,clahe_gray,clean,0.0,val_f1_class_16,1.0
20260913T233750-f3ed184,cnn_e2e,clahe_gray,clean,0.0,val_f1_class_17,1.0
20260913T233750-f3ed184,cnn_e2e,clahe_gray,clean,0.0,val_f1_class_18,0.9937369519832986
20260913T233750-f3ed184,cnn_e2e,clahe_gray,clean,0.0,val_f1_class_19,0.9830508474576272
20260913T233750-f3ed184,cnn_e2e,clahe_gray,clean,0.0,val_f1_class_20,0.9743589743589743
20260913T233750-f3ed184,cnn_e2e,clahe_gray,clean,0.0,val_f1_class_21,1.0
20260913T233750-f3ed184,cnn_e2e,clahe_gray,clean,0.0,val_f1_class_22,1.0
20260913T233750-f3ed184,cnn_e2e,clahe_gray,clean,0.0,val_f1_class_23,0.989010989010989
20260913T233750-f3ed184,cnn_e2e,clahe_gray,clean,0.0,val_f1_class_24,0.9672131147540983
20260913T233750-f3ed184,cnn_e2e,clahe_gray,clean,0.0,val_f1_class_25,0.9915966386554622
20260913T233750-f3ed184,cnn_e2e,clahe_gray,clean,0.0,val_f1_class_26,0.995850622406639
20260913T233750-f3ed184,cnn_e2e,clahe_gray,clean,0.0,val_f1_class_27,1.0
20260913T233750-f3ed184,cnn_e2e,clahe_gray,clean,0.0,val_f1_class_28,0.9915966386554622
20260913T233750-f3ed184,cnn_e2e,clahe_gray,clean,0.0,val_f1_class_29,0.9655172413793104
20260913T233750-f3ed184,cnn_e2e,clahe_gray,clean,0.0,val_f1_class_30,0.9625668449197861
20260913T233750-f3ed184,cnn_e2e,clahe_gray,clean,0.0,val_f1_class_31,1.0
20260913T233750-f3ed184,cnn_e2e,clahe_gray,clean,0.0,val_f1_class_32,0.9230769230769231
20260913T233750-f3ed184,cnn_e2e,clahe_gray,clean,0.0,val_f1_class_33,0.9966777408637874
20260913T233750-f3ed184,cnn_e2e,clahe_gray,clean,0.0,val_f1_class_34,1.0
20260913T233750-f3ed184,cnn_e2e,clahe_gray,clean,0.0,val_f1_class_35,0.9979123173277662
20260913T233750-f3ed184,cnn_e2e,clahe_gray,clean,0.0,val_f1_class_36,0.994475138121547
20260913T233750-f3ed184,cnn_e2e,clahe_gray,clean,0.0,val_f1_class_37,1.0
20260913T233750-f3ed184,cnn_e2e,clahe_gray,clean,0.0,val_f1_class_38,0.9929078014184397
20260913T233750-f3ed184,cnn_e2e,clahe_gray,clean,0.0,val_f1_class_39,1.0
20260913T233750-f3ed184,cnn_e2e,clahe_gray,clean,0.0,val_f1_class_40,0.9473684210526315
20260913T233750-f3ed184,cnn_e2e,clahe_gray,clean,0.0,val_f1_class_41,0.918918918918919
20260913T233750-f3ed184,cnn_e2e,clahe_gray,clean,0.0,val_f1_class_42,1.0
20260913T233750-f3ed184,cnn_e2e,clahe_gray,clean,0.0,inference_seconds,13.33547183200426
20260913T233750-f3ed184,cnn_e2e,clahe_gray,clean,0.0,inference_ms_per_image,1.7031253936148478
20260913T233750-f3ed184,cnn_e2e,clahe_gray,clean,0.0,inference_single_seconds,0.0014771720016142353
20260913T233750-f3ed184,cnn_e2e,clahe_gray,clean,0.0,inference_single_ms_per_image,1.4771720016142353
20260913T233750-f3ed184,cnn_e2e,clahe_gray,clean,0.0,train_seconds,3349.7002496589994
20260913T233750-f3ed184,cnn_e2e,clahe_gray,clean,0.0,feature_dim,128.0
20260913T233750-f3ed184,cnn_e2e,clahe_gray,clean,0.0,model_size_mb,3.382603645324707
20260913T233750-f3ed184,cnn_e2e,clahe_gray,clean,0.0,n_parameters,882379.0
20260913T233750-f3ed184,cnn_e2e,clahe_gray,clean,0.0,n_train_images,31379.0
20260913T233750-f3ed184,cnn_e2e,clahe_gray,clean,0.0,selected_epoch,18.0
20260913T233750-f3ed184,cnn_e2e,clahe_gray,clean,0.0,epochs_run,24.0
20260913T233750-f3ed184,cnn_e2e,clahe_gray,clean,0.0,torch_threads,6.0
20260913T233750-f3ed184,cnn_e2e,clahe_gray,clean,0.0,learning_rate,0.001
20260913T233750-f3ed184,cnn_e2e,clahe_gray,clean,0.0,batch_size,128.0
20260914T003128-f3ed184,cnn_e2e,raw_gray,clean,0.0,val_accuracy,0.9864623243933589
20260914T003128-f3ed184,cnn_e2e,raw_gray,clean,0.0,val_macro_f1,0.9855756405850806
20260914T003128-f3ed184,cnn_e2e,raw_gray,clean,0.0,val_weighted_f1,0.9863982008529116
20260914T003128-f3ed184,cnn_e2e,raw_gray,clean,0.0,val_n_samples,7830.0
20260914T003128-f3ed184,cnn_e2e,raw_gray,clean,0.0,val_f1_class_0,0.9666666666666667
20260914T003128-f3ed184,cnn_e2e,raw_gray,clean,0.0,val_f1_class_1,0.992196209587514
20260914T003128-f3ed184,cnn_e2e,raw_gray,clean,0.0,val_f1_class_2,0.9900552486187846
20260914T003128-f3ed184,cnn_e2e,raw_gray,clean,0.0,val_f1_class_3,0.9872029250457038
20260914T003128-f3ed184,cnn_e2e,raw_gray,clean,0.0,val_f1_class_4,0.9974358974358974
20260914T003128-f3ed184,cnn_e2e,raw_gray,clean,0.0,val_f1_class_5,0.9805555555555555
20260914T003128-f3ed184,cnn_e2e,raw_gray,clean,0.0,val_f1_class_6,1.0
20260914T003128-f3ed184,cnn_e2e,raw_gray,clean,0.0,val_f1_class_7,0.9309734513274336
20260914T003128-f3ed184,cnn_e2e,raw_gray,clean,0.0,val_f1_class_8,0.9372822299651568
20260914T003128-f3ed184,cnn_e2e,raw_gray,clean,0.0,val_f1_class_9,1.0
20260914T003128-f3ed184,cnn_e2e,raw_gray,clean,0.0,val_f1_class_10,1.0
20260914T003128-f3ed184,cnn_e2e,raw_gray,clean,0.0,val_f1_class_11,0.9926470588235294
20260914T003128-f3ed184,cnn_e2e,raw_gray,clean,0.0,val_f1_class_12,0.9858156028368794
20260914T003128-f3ed184,cnn_e2e,raw_gray,clean,0.0,val_f1_class_13,0.9988109393579072
20260914T003128-f3ed184,cnn_e2e,raw_gray,clean,0.0,val_f1_class_14,0.9966777408637874
20260914T003128-f3ed184,cnn_e2e,raw_gray,clean,0.0,val_f1_class_15,0.995850622406639
20260914T003128-f3ed184,cnn_e2e,raw_gray,clean,0.0,val_f1_class_16,1.0
20260914T003128-f3ed184,cnn_e2e,raw_gray,clean,0.0,val_f1_class_17,1.0
20260914T003128-f3ed184,cnn_e2e,raw_gray,clean,0.0,val_f1_class_18,0.99581589958159
20260914T003128-f3ed184,cnn_e2e,raw_gray,clean,0.0,val_f1_class_19,1.0
20260914T003128-f3ed184,cnn_e2e,raw_gray,clean,0.0,val_f1_class_20,0.9836065573770492
20260914T003128-f3ed184,cnn_e2e,raw_gray,clean,0.0,val_f1_class_21,0.9917355371900827
20260914T003128-f3ed184,cnn_e2e,raw_gray,clean,0.0,val_f1_class_22,1.0
20260914T003128-f3ed184,cnn_e2e,raw_gray,clean,0.0,val_f1_class_23,0.994475138121547
20260914T003128-f3ed184,cnn_e2e,raw_gray,clean,0.0,val_f1_class_24,0.9743589743589743
20260914T003128-f3ed184,cnn_e2e,raw_gray,clean,0.0,val_f1_class_25,0.9639794168096055
20260914T003128-f3ed184,cnn_e2e,raw_gray,clean,0.0,val_f1_class_26,0.9836065573770492
20260914T003128-f3ed184,cnn_e2e,raw_gray,clean,0.0,val_f1_class_27,1.0
20260914T003128-f3ed184,cnn_e2e,raw_gray,clean,0.0,val_f1_class_28,0.9874476987447699
20260914T003128-f3ed184,cnn_e2e,raw_gray,clean,0.0,val_f1_class_29,0.9572649572649573
20260914T003128-f3ed184,cnn_e2e,raw_gray,clean,0.0,val_f1_class_30,0.9659090909090909
20260914T003128-f3ed184,cnn_e2e,raw_gray,clean,0.0,val_f1_class_31,0.9966777408637874
20260914T003128-f3ed184,cnn_e2e,raw_gray,clean,0.0,val_f1_class_32,0.9917355371900827
20260914T003128-f3ed184,cnn_e2e,raw_gray,clean,0.0,val_f1_class_33,0.9966777408637874
20260914T003128-f3ed184,cnn_e2e,raw_gray,clean,0.0,val_f1_class_34,1.0
20260914T003128-f3ed184,cnn_e2e,raw_gray,clean,0.0,val_f1_class_35,0.991701244813278
20260914T003128-f3ed184,cnn_e2e,raw_gray,clean,0.0,val_f1_class_36,0.9834254143646409
20260914T003128-f3ed184,cnn_e2e,raw_gray,clean,0.0,val_f1_class_37,1.0
20260914T003128-f3ed184,cnn_e2e,raw_gray,clean,0.0,val_f1_class_38,0.9952153110047847
20260914T003128-f3ed184,cnn_e2e,raw_gray,clean,0.0,val_f1_class_39,1.0
20260914T003128-f3ed184,cnn_e2e,raw_gray,clean,0.0,val_f1_class_40,0.8739495798319328
20260914T003128-f3ed184,cnn_e2e,raw_gray,clean,0.0,val_f1_class_41,1.0
20260914T003128-f3ed184,cnn_e2e,raw_gray,clean,0.0,val_f1_class_42,1.0
20260914T003128-f3ed184,cnn_e2e,raw_gray,clean,0.0,inference_seconds,7.707670921001409
20260914T003128-f3ed184,cnn_e2e,raw_gray,clean,0.0,inference_ms_per_image,0.9843768736911123
20260914T003128-f3ed184,cnn_e2e,raw_gray,clean,0.0,inference_single_seconds,0.001400265005941037
20260914T003128-f3ed184,cnn_e2e,raw_gray,clean,0.0,inference_single_ms_per_image,1.400265005941037
20260914T003128-f3ed184,cnn_e2e,raw_gray,clean,0.0,train_seconds,2595.947068360998
20260914T003128-f3ed184,cnn_e2e,raw_gray,clean,0.0,feature_dim,128.0
20260914T003128-f3ed184,cnn_e2e,raw_gray,clean,0.0,model_size_mb,3.3825159072875977
20260914T003128-f3ed184,cnn_e2e,raw_gray,clean,0.0,n_parameters,882379.0
20260914T003128-f3ed184,cnn_e2e,raw_gray,clean,0.0,n_train_images,31379.0
20260914T003128-f3ed184,cnn_e2e,raw_gray,clean,0.0,selected_epoch,18.0
20260914T003128-f3ed184,cnn_e2e,raw_gray,clean,0.0,epochs_run,24.0
20260914T003128-f3ed184,cnn_e2e,raw_gray,clean,0.0,torch_threads,7.0
20260914T003128-f3ed184,cnn_e2e,raw_gray,clean,0.0,learning_rate,0.001
20260914T003128-f3ed184,cnn_e2e,raw_gray,clean,0.0,batch_size,128.0
20260914T040642-f3ed184,cnn_e2e,clahe_hsv,clean,0.0,val_accuracy,0.9754789272030652
20260914T040642-f3ed184,cnn_e2e,clahe_hsv,clean,0.0,val_macro_f1,0.9642428342546253
20260914T040642-f3ed184,cnn_e2e,clahe_hsv,clean,0.0,val_weighted_f1,0.9753175795650323
20260914T040642-f3ed184,cnn_e2e,clahe_hsv,clean,0.0,val_n_samples,7830.0
20260914T040642-f3ed184,cnn_e2e,clahe_hsv,clean,0.0,val_f1_class_0,0.967741935483871
20260914T040642-f3ed184,cnn_e2e,clahe_hsv,clean,0.0,val_f1_class_1,0.9842696629213483
20260914T040642-f3ed184,cnn_e2e,clahe_hsv,clean,0.0,val_f1_class_2,0.984375
20260914T040642-f3ed184,cnn_e2e,clahe_hsv,clean,0.0,val_f1_class_3,0.9747292418772563
20260914T040642-f3ed184,cnn_e2e,clahe_hsv,clean,0.0,val_f1_class_4,0.9836065573770492
20260914T040642-f3ed184,cnn_e2e,clahe_hsv,clean,0.0,val_f1_class_5,0.9587912087912088
20260914T040642-f3ed184,cnn_e2e,clahe_hsv,clean,0.0,val_f1_class_6,1.0
20260914T040642-f3ed184,cnn_e2e,clahe_hsv,clean,0.0,val_f1_class_7,0.9867986798679867
20260914T040642-f3ed184,cnn_e2e,clahe_hsv,clean,0.0,val_f1_class_8,0.9618320610687023
20260914T040642-f3ed184,cnn_e2e,clahe_hsv,clean,0.0,val_f1_class_9,0.9966555183946488
20260914T040642-f3ed184,cnn_e2e,clahe_hsv,clean,0.0,val_f1_class_10,0.9974424552429667
20260914T040642-f3ed184,cnn_e2e,clahe_hsv,clean,0.0,val_f1_class_11,0.9625668449197861
20260914T040642-f3ed184,cnn_e2e,clahe_hsv,clean,0.0,val_f1_class_12,0.99880810488677
20260914T040642-f3ed184,cnn_e2e,clahe_hsv,clean,0.0,val_f1_class_13,0.9893742621015348
20260914T040642-f3ed184,cnn_e2e,clahe_hsv,clean,0.0,val_f1_class_14,1.0
20260914T040642-f3ed184,cnn_e2e,clahe_hsv,clean,0.0,val_f1_class_15,1.0
20260914T040642-f3ed184,cnn_e2e,clahe_hsv,clean,0.0,val_f1_class_16,1.0
20260914T040642-f3ed184,cnn_e2e,clahe_hsv,clean,0.0,val_f1_class_17,0.997624703087886
20260914T040642-f3ed184,cnn_e2e,clahe_hsv,clean,0.0,val_f1_class_18,0.989517819706499
20260914T040642-f3ed184,cnn_e2e,clahe_hsv,clean,0.0,val_f1_class_19,1.0
20260914T040642-f3ed184,cnn_e2e,clahe_hsv,clean,0.0,val_f1_class_20,0.95
20260914T040642-f3ed184,cnn_e2e,clahe_hsv,clean,0.0,val_f1_class_21,1.0
20260914T040642-f3ed184,cnn_e2e,clahe_hsv,clean,0.0,val_f1_class_22,1.0
20260914T040642-f3ed184,cnn_e2e,clahe_hsv,clean,0.0,val_f1_class_23,1.0
20260914T040642-f3ed184,cnn_e2e,clahe_hsv,clean,0.0,val_f1_class_24,0.9090909090909091
20260914T040642-f3ed184,cnn_e2e,clahe_hsv,clean,0.0,val_f1_class_25,0.9509306260575296
20260914T040642-f3ed184,cnn_e2e,clahe_hsv,clean,0.0,val_f1_class_26,0.9836065573770492
20260914T040642-f3ed184,cnn_e2e,clahe_hsv,clean,0.0,val_f1_class_27,0.918918918918919
20260914T040642-f3ed184,cnn_e2e,clahe_hsv,clean,0.0,val_f1_class_28,0.8292682926829268
20260914T040642-f3ed184,cnn_e2e,clahe_hsv,clean,0.0,val_f1_class_29,0.7424242424242424
20260914T040642-f3ed184,cnn_e2e,clahe_hsv,clean,0.0,val_f1_class_30,0.7958115183246073
20260914T040642-f3ed184,cnn_e2e,clahe_hsv,clean,0.0,val_f1_class_31,0.9900990099009901
20260914T040642-f3ed184,cnn_e2e,clahe_hsv,clean,0.0,val_f1_class_32,0.9090909090909091
20260914T040642-f3ed184,cnn_e2e,clahe_hsv,clean,0.0,val_f1_class_33,0.9900990099009901
20260914T040642-f3ed184,cnn_e2e,clahe_hsv,clean,0.0,val_f1_class_34,0.989010989010989
20260914T040642-f3ed184,cnn_e2e,clahe_hsv,clean,0.0,val_f1_class_35,0.9815195071868583
20260914T040642-f3ed184,cnn_e2e,clahe_hsv,clean,0.0,val_f1_class_36,0.9221556886227545
20260914T040642-f3ed184,cnn_e2e,clahe_hsv,clean,0.0,val_f1_class_37,1.0
20260914T040642-f3ed184,cnn_e2e,clahe_hsv,clean,0.0,val_f1_class_38,0.9928400954653938
20260914T040642-f3ed184,cnn_e2e,clahe_hsv,clean,0.0,val_f1_class_39,1.0
20260914T040642-f3ed184,cnn_e2e,clahe_hsv,clean,0.0,val_f1_class_40,0.9743589743589743
20260914T040642-f3ed184,cnn_e2e,clahe_hsv,clean,0.0,val_f1_class_41,0.8990825688073395
20260914T040642-f3ed184,cnn_e2e,clahe_hsv,clean,0.0,val_f1_class_42,1.0
20260914T040642-f3ed184,cnn_e2e,clahe_hsv,clean,0.0,inference_seconds,7.550590908998856
20260914T040642-f3ed184,cnn_e2e,clahe_hsv,clean,0.0,inference_ms_per_image,0.9643155694762269
20260914T040642-f3ed184,cnn_e2e,clahe_hsv,clean,0.0,inference_single_seconds,0.0012561679977807216
20260914T040642-f3ed184,cnn_e2e,clahe_hsv,clean,0.0,inference_single_ms_per_image,1.2561679977807216
20260914T040642-f3ed184,cnn_e2e,clahe_hsv,clean,0.0,train_seconds,1132.5067016179964
20260914T040642-f3ed184,cnn_e2e,clahe_hsv,clean,0.0,feature_dim,128.0
20260914T040642-f3ed184,cnn_e2e,clahe_hsv,clean,0.0,model_size_mb,3.3847570419311523
20260914T040642-f3ed184,cnn_e2e,clahe_hsv,clean,0.0,n_parameters,882955.0
20260914T040642-f3ed184,cnn_e2e,clahe_hsv,clean,0.0,n_train_images,31379.0
20260914T040642-f3ed184,cnn_e2e,clahe_hsv,clean,0.0,selected_epoch,5.0
20260914T040642-f3ed184,cnn_e2e,clahe_hsv,clean,0.0,epochs_run,11.0
20260914T040642-f3ed184,cnn_e2e,clahe_hsv,clean,0.0,torch_threads,8.0
20260914T040642-f3ed184,cnn_e2e,clahe_hsv,clean,0.0,learning_rate,0.001
20260914T040642-f3ed184,cnn_e2e,clahe_hsv,clean,0.0,batch_size,128.0
20260915T081633-09d39b8,hog_svm,raw_gray,clean,0.0,val_accuracy,0.929757343550447
20260915T081633-09d39b8,hog_svm,raw_gray,clean,0.0,val_macro_f1,0.9175187269095335
20260915T081633-09d39b8,hog_svm,raw_gray,clean,0.0,val_weighted_f1,0.9281674691664406
20260915T081633-09d39b8,hog_svm,raw_gray,clean,0.0,val_n_samples,7830.0
20260915T081633-09d39b8,hog_svm,raw_gray,clean,0.0,val_f1_class_0,0.8405797101449275
20260915T081633-09d39b8,hog_svm,raw_gray,clean,0.0,val_f1_class_1,0.9097142857142857
20260915T081633-09d39b8,hog_svm,raw_gray,clean,0.0,val_f1_class_2,0.8531914893617021
20260915T081633-09d39b8,hog_svm,raw_gray,clean,0.0,val_f1_class_3,0.946236559139785
20260915T081633-09d39b8,hog_svm,raw_gray,clean,0.0,val_f1_class_4,0.9653401797175867
20260915T081633-09d39b8,hog_svm,raw_gray,clean,0.0,val_f1_class_5,0.729483282674772
20260915T081633-09d39b8,hog_svm,raw_gray,clean,0.0,val_f1_class_6,0.994413407821229
20260915T081633-09d39b8,hog_svm,raw_gray,clean,0.0,val_f1_class_7,0.8881685575364667
20260915T081633-09d39b8,hog_svm,raw_gray,clean,0.0,val_f1_class_8,0.8631984585741811
20260915T081633-09d39b8,hog_svm,raw_gray,clean,0.0,val_f1_class_9,0.9800664451827242
20260915T081633-09d39b8,hog_svm,raw_gray,clean,0.0,val_f1_class_10,0.9809402795425667
20260915T081633-09d39b8,hog_svm,raw_gray,clean,0.0,val_f1_class_11,0.916083916083916
20260915T081633-09d39b8,hog_svm,raw_gray,clean,0.0,val_f1_class_12,0.9880668257756563
20260915T081633-09d39b8,hog_svm,raw_gray,clean,0.0,val_f1_class_13,0.9940828402366864
20260915T081633-09d39b8,hog_svm,raw_gray,clean,0.0,val_f1_class_14,0.9933333333333333
20260915T081633-09d39b8,hog_svm,raw_gray,clean,0.0,val_f1_class_15,0.9007633587786259
20260915T081633-09d39b8,hog_svm,raw_gray,clean,0.0,val_f1_class_16,0.989010989010989
20260915T081633-09d39b8,hog_svm,raw_gray,clean,0.0,val_f1_class_17,0.9879518072289156
20260915T081633-09d39b8,hog_svm,raw_gray,clean,0.0,val_f1_class_18,0.9588477366255144
20260915T081633-09d39b8,hog_svm,raw_gray,clean,0.0,val_f1_class_19,0.8518518518518519
20260915T081633-09d39b8,hog_svm,raw_gray,clean,0.0,val_f1_class_20,0.9009009009009009
20260915T081633-09d39b8,hog_svm,raw_gray,clean,0.0,val_f1_class_21,0.9917355371900827
20260915T081633-09d39b8,hog_svm,raw_gray,clean,0.0,val_f1_class_22,0.956989247311828
20260915T081633-09d39b8,hog_svm,raw_gray,clean,0.0,val_f1_class_23,0.8811881188118812
20260915T081633-09d39b8,hog_svm,raw_gray,clean,0.0,val_f1_class_24,0.6808510638297872
20260915T081633-09d39b8,hog_svm,raw_gray,clean,0.0,val_f1_class_25,0.9068541300527241
20260915T081633-09d39b8,hog_svm,raw_gray,clean,0.0,val_f1_class_26,0.9411764705882353
20260915T081633-09d39b8,hog_svm,raw_gray,clean,0.0,val_f1_class_27,0.9285714285714286
20260915T081633-09d39b8,hog_svm,raw_gray,clean,0.0,val_f1_class_28,0.905982905982906
20260915T081633-09d39b8,hog_svm,raw_gray,clean,0.0,val_f1_class_29,0.6464646464646465
20260915T081633-09d39b8,hog_svm,raw_gray,clean,0.0,val_f1_class_30,0.7142857142857143
20260915T081633-09d39b8,hog_svm,raw_gray,clean,0.0,val_f1_class_31,0.9836065573770492
20260915T081633-09d39b8,hog_svm,raw_gray,clean,0.0,val_f1_class_32,0.975609756097561
20260915T081633-09d39b8,hog_svm,raw_gray,clean,0.0,val_f1_class_33,0.9865771812080537
20260915T081633-09d39b8,hog_svm,raw_gray,clean,0.0,val_f1_class_34,0.989010989010989
20260915T081633-09d39b8,hog_svm,raw_gray,clean,0.0,val_f1_class_35,0.9937888198757764
20260915T081633-09d39b8,hog_svm,raw_gray,clean,0.0,val_f1_class_36,0.9375
20260915T081633-09d39b8,hog_svm,raw_gray,clean,0.0,val_f1_class_37,0.967741935483871
20260915T081633-09d39b8,hog_svm,raw_gray,clean,0.0,val_f1_class_38,0.9845053635280095
20260915T081633-09d39b8,hog_svm,raw_gray,clean,0.0,val_f1_class_39,0.9836065573770492
20260915T081633-09d39b8,hog_svm,raw_gray,clean,0.0,val_f1_class_40,0.7567567567567568
20260915T081633-09d39b8,hog_svm,raw_gray,clean,0.0,val_f1_class_41,0.9482758620689655
20260915T081633-09d39b8,hog_svm,raw_gray,clean,0.0,val_f1_class_42,0.96
20260915T081633-09d39b8,hog_svm,raw_gray,clean,0.0,train_seconds,81.52472140500322
20260915T081633-09d39b8,hog_svm,raw_gray,clean,0.0,inference_seconds,5.944499567995081
20260915T081633-09d39b8,hog_svm,raw_gray,clean,0.0,inference_ms_per_image,0.7591953471258085
20260915T081633-09d39b8,hog_svm,raw_gray,clean,0.0,inference_single_seconds,0.0009830479975789785
20260915T081633-09d39b8,hog_svm,raw_gray,clean,0.0,inference_single_ms_per_image,0.9830479975789785
20260915T081633-09d39b8,hog_svm,raw_gray,clean,0.0,selected_pixels_per_cell,6.0
20260915T081633-09d39b8,hog_svm,raw_gray,clean,0.0,selected_orientations,9.0
20260915T081633-09d39b8,hog_svm,raw_gray,clean,0.0,selected_C,0.01
20260915T081633-09d39b8,hog_svm,raw_gray,clean,0.0,selected_class_weight_balanced,1.0
20260915T081633-09d39b8,hog_svm,raw_gray,clean,0.0,feature_dim,1764.0
20260915T081633-09d39b8,hog_svm,raw_gray,clean,0.0,model_size_mb,0.5802764892578125
20260915T081633-09d39b8,hog_svm,raw_gray,clean,0.0,n_train_images,31379.0
20260915T095930-872c331,cnn_feat_svm,clahe_gray,clean,0.0,val_accuracy,0.9888888888888889
20260915T095930-872c331,cnn_feat_svm,clahe_gray,clean,0.0,val_macro_f1,0.9797293222480268
20260915T095930-872c331,cnn_feat_svm,clahe_gray,clean,0.0,val_weighted_f1,0.988755443226105
20260915T095930-872c331,cnn_feat_svm,clahe_gray,clean,0.0,val_n_samples,7830.0
20260915T095930-872c331,cnn_feat_svm,clahe_gray,clean,0.0,val_f1_class_0,1.0
20260915T095930-872c331,cnn_feat_svm,clahe_gray,clean,0.0,val_f1_class_1,0.9977728285077951
20260915T095930-872c331,cnn_feat_svm,clahe_gray,clean,0.0,val_f1_class_2,0.9988901220865705
20260915T095930-872c331,cnn_feat_svm,clahe_gray,clean,0.0,val_f1_class_3,0.996309963099631
20260915T095930-872c331,cnn_feat_svm,clahe_gray,clean,0.0,val_f1_class_4,0.9923469387755102
20260915T095930-872c331,cnn_feat_svm,clahe_gray,clean,0.0,val_f1_class_5,0.9819193324061196
20260915T095930-872c331,cnn_feat_svm,clahe_gray,clean,0.0,val_f1_class_6,1.0
20260915T095930-872c331,cnn_feat_svm,clahe_gray,clean,0.0,val_f1_class_7,0.988313856427379
20260915T095930-872c331,cnn_feat_svm,clahe_gray,clean,0.0,val_f1_class_8,0.9868667917448405
20260915T095930-872c331,cnn_feat_svm,clahe_gray,clean,0.0,val_f1_class_9,0.998330550918197
20260915T095930-872c331,cnn_feat_svm,clahe_gray,clean,0.0,val_f1_class_10,0.998719590268886
20260915T095930-872c331,cnn_feat_svm,clahe_gray,clean,0.0,val_f1_class_11,0.9926470588235294
20260915T095930-872c331,cnn_feat_svm,clahe_gray,clean,0.0,val_f1_class_12,0.9786729857819905
20260915T095930-872c331,cnn_feat_svm,clahe_gray,clean,0.0,val_f1_class_13,0.995260663507109
20260915T095930-872c331,cnn_feat_svm,clahe_gray,clean,0.0,val_f1_class_14,0.9966777408637874
20260915T095930-872c331,cnn_feat_svm,clahe_gray,clean,0.0,val_f1_class_15,0.9836065573770492
20260915T095930-872c331,cnn_feat_svm,clahe_gray,clean,0.0,val_f1_class_16,1.0
20260915T095930-872c331,cnn_feat_svm,clahe_gray,clean,0.0,val_f1_class_17,1.0
20260915T095930-872c331,cnn_feat_svm,clahe_gray,clean,0.0,val_f1_class_18,0.9835390946502057
20260915T095930-872c331,cnn_feat_svm,clahe_gray,clean,0.0,val_f1_class_19,0.9655172413793104
20260915T095930-872c331,cnn_feat_svm,clahe_gray,clean,0.0,val_f1_class_20,0.9830508474576272
20260915T095930-872c331,cnn_feat_svm,clahe_gray,clean,0.0,val_f1_class_21,0.9833333333333333
20260915T095930-872c331,cnn_feat_svm,clahe_gray,clean,0.0,val_f1_class_22,1.0
20260915T095930-872c331,cnn_feat_svm,clahe_gray,clean,0.0,val_f1_class_23,0.989010989010989
20260915T095930-872c331,cnn_feat_svm,clahe_gray,clean,0.0,val_f1_class_24,0.9122807017543859
20260915T095930-872c331,cnn_feat_svm,clahe_gray,clean,0.0,val_f1_class_25,0.998330550918197
20260915T095930-872c331,cnn_feat_svm,clahe_gray,clean,0.0,val_f1_class_26,1.0
20260915T095930-872c331,cnn_feat_svm,clahe_gray,clean,0.0,val_f1_class_27,1.0
20260915T095930-872c331,cnn_feat_svm,clahe_gray,clean,0.0,val_f1_class_28,0.9794238683127572
20260915T095930-872c331,cnn_feat_svm,clahe_gray,clean,0.0,val_f1_class_29,0.9565217391304348
20260915T095930-872c331,cnn_feat_svm,clahe_gray,clean,0.0,val_f1_class_30,0.9666666666666667
20260915T095930-872c331,cnn_feat_svm,clahe_gray,clean,0.0,val_f1_class_31,0.9966777408637874
20260915T095930-872c331,cnn_feat_svm,clahe_gray,clean,0.0,val_f1_class_32,0.851063829787234
20260915T095930-872c331,cnn_feat_svm,clahe_gray,clean,0.0,val_f1_class_33,1.0
20260915T095930-872c331,cnn_feat_svm,clahe_gray,clean,0.0,val_f1_class_34,0.994413407821229
20260915T095930-872c331,cnn_feat_svm,clahe_gray,clean,0.0,val_f1_class_35,0.9979123173277662
20260915T095930-872c331,cnn_feat_svm,clahe_gray,clean,0.0,val_f1_class_36,0.994475138121547
20260915T095930-872c331,cnn_feat_svm,clahe_gray,clean,0.0,val_f1_class_37,0.9836065573770492
20260915T095930-872c331,cnn_feat_svm,clahe_gray,clean,0.0,val_f1_class_38,0.9952380952380953
20260915T095930-872c331,cnn_feat_svm,clahe_gray,clean,0.0,val_f1_class_39,1.0
20260915T095930-872c331,cnn_feat_svm,clahe_gray,clean,0.0,val_f1_class_40,0.8990825688073395
20260915T095930-872c331,cnn_feat_svm,clahe_gray,clean,0.0,val_f1_class_41,0.8118811881188119
20260915T095930-872c331,cnn_feat_svm,clahe_gray,clean,0.0,val_f1_class_42,1.0
20260915T095930-872c331,cnn_feat_svm,clahe_gray,clean,0.0,train_seconds,1.1585359660093673
20260915T095930-872c331,cnn_feat_svm,clahe_gray,clean,0.0,inference_seconds,9.313703280000482
20260915T095930-872c331,cnn_feat_svm,clahe_gray,clean,0.0,inference_ms_per_image,1.1894895632184523
20260915T095930-872c331,cnn_feat_svm,clahe_gray,clean,0.0,inference_single_seconds,0.0016346200136467814
20260915T095930-872c331,cnn_feat_svm,clahe_gray,clean,0.0,inference_single_ms_per_image,1.6346200136467814
20260915T095930-872c331,cnn_feat_svm,clahe_gray,clean,0.0,selected_C,0.01
20260915T095930-872c331,cnn_feat_svm,clahe_gray,clean,0.0,selected_class_weight_balanced,1.0
20260915T095930-872c331,cnn_feat_svm,clahe_gray,clean,0.0,feature_dim,128.0
20260915T095930-872c331,cnn_feat_svm,clahe_gray,clean,0.0,model_size_mb,0.043422698974609375
20260915T095930-872c331,cnn_feat_svm,clahe_gray,clean,0.0,embed_seconds,45.19298368800082
20260915T095930-872c331,cnn_feat_svm,clahe_gray,clean,0.0,n_train_images,31379.0
20260916T092421-2dbf5d1,cnn_feat_svm,raw_gray,clean,0.0,val_accuracy,0.9859514687100894
20260916T092421-2dbf5d1,cnn_feat_svm,raw_gray,clean,0.0,val_macro_f1,0.9773841098891691
20260916T092421-2dbf5d1,cnn_feat_svm,raw_gray,clean,0.0,val_weighted_f1,0.9856379589323511
20260916T092421-2dbf5d1,cnn_feat_svm,raw_gray,clean,0.0,val_n_samples,7830.0
20260916T092421-2dbf5d1,cnn_feat_svm,raw_gray,clean,0.0,val_f1_class_0,0.9836065573770492
20260916T092421-2dbf5d1,cnn_feat_svm,raw_gray,clean,0.0,val_f1_class_1,0.984375
20260916T092421-2dbf5d1,cnn_feat_svm,raw_gray,clean,0.0,val_f1_class_2,0.9944629014396457
20260916T092421-2dbf5d1,cnn_feat_svm,raw_gray,clean,0.0,val_f1_class_3,0.989010989010989
20260916T092421-2dbf5d1,cnn_feat_svm,raw_gray,clean,0.0,val_f1_class_4,0.9948979591836735
20260916T092421-2dbf5d1,cnn_feat_svm,raw_gray,clean,0.0,val_f1_class_5,0.9790794979079498
20260916T092421-2dbf5d1,cnn_feat_svm,raw_gray,clean,0.0,val_f1_class_6,1.0
20260916T092421-2dbf5d1,cnn_feat_svm,raw_gray,clean,0.0,val_f1_class_7,0.9866220735785953
20260916T092421-2dbf5d1,cnn_feat_svm,raw_gray,clean,0.0,val_f1_class_8,0.9962825278810409
20260916T092421-2dbf5d1,cnn_feat_svm,raw_gray,clean,0.0,val_f1_class_9,1.0
20260916T092421-2dbf5d1,cnn_feat_svm,raw_gray,clean,0.0,val_f1_class_10,0.998719590268886
20260916T092421-2dbf5d1,cnn_feat_svm,raw_gray,clean,0.0,val_f1_class_11,0.9872029250457038
20260916T092421-2dbf5d1,cnn_feat_svm,raw_gray,clean,0.0,val_f1_class_12,0.9731621936989499
20260916T092421-2dbf5d1,cnn_feat_svm,raw_gray,clean,0.0,val_f1_class_13,0.9988109393579072
20260916T092421-2dbf5d1,cnn_feat_svm,raw_gray,clean,0.0,val_f1_class_14,0.9900990099009901
20260916T092421-2dbf5d1,cnn_feat_svm,raw_gray,clean,0.0,val_f1_class_15,0.9917355371900827
20260916T092421-2dbf5d1,cnn_feat_svm,raw_gray,clean,0.0,val_f1_class_16,0.994475138121547
20260916T092421-2dbf5d1,cnn_feat_svm,raw_gray,clean,0.0,val_f1_class_17,0.997624703087886
20260916T092421-2dbf5d1,cnn_feat_svm,raw_gray,clean,0.0,val_f1_class_18,0.9834710743801653
20260916T092421-2dbf5d1,cnn_feat_svm,raw_gray,clean,0.0,val_f1_class_19,1.0
20260916T092421-2dbf5d1,cnn_feat_svm,raw_gray,clean,0.0,val_f1_class_20,0.9672131147540983
20260916T092421-2dbf5d1,cnn_feat_svm,raw_gray,clean,0.0,val_f1_class_21,0.9915966386554622
20260916T092421-2dbf5d1,cnn_feat_svm,raw_gray,clean,0.0,val_f1_class_22,1.0
20260916T092421-2dbf5d1,cnn_feat_svm,raw_gray,clean,0.0,val_f1_class_23,1.0
20260916T092421-2dbf5d1,cnn_feat_svm,raw_gray,clean,0.0,val_f1_class_24,0.918918918918919
20260916T092421-2dbf5d1,cnn_feat_svm,raw_gray,clean,0.0,val_f1_class_25,0.9746192893401016
20260916T092421-2dbf5d1,cnn_feat_svm,raw_gray,clean,0.0,val_f1_class_26,0.9916666666666667
20260916T092421-2dbf5d1,cnn_feat_svm,raw_gray,clean,0.0,val_f1_class_27,0.9915966386554622
20260916T092421-2dbf5d1,cnn_feat_svm,raw_gray,clean,0.0,val_f1_class_28,0.9833333333333333
20260916T092421-2dbf5d1,cnn_feat_svm,raw_gray,clean,0.0,val_f1_class_29,0.9298245614035088
20260916T092421-2dbf5d1,cnn_feat_svm,raw_gray,clean,0.0,val_f1_class_30,0.9491525423728814
20260916T092421-2dbf5d1,cnn_feat_svm,raw_gray,clean,0.0,val_f1_class_31,0.9933774834437086
20260916T092421-2dbf5d1,cnn_feat_svm,raw_gray,clean,0.0,val_f1_class_32,0.9022556390977443
20260916T092421-2dbf5d1,cnn_feat_svm,raw_gray,clean,0.0,val_f1_class_33,0.9900990099009901
20260916T092421-2dbf5d1,cnn_feat_svm,raw_gray,clean,0.0,val_f1_class_34,1.0
20260916T092421-2dbf5d1,cnn_feat_svm,raw_gray,clean,0.0,val_f1_class_35,0.9958333333333333
20260916T092421-2dbf5d1,cnn_feat_svm,raw_gray,clean,0.0,val_f1_class_36,0.9834254143646409
20260916T092421-2dbf5d1,cnn_feat_svm,raw_gray,clean,0.0,val_f1_class_37,1.0
20260916T092421-2dbf5d1,cnn_feat_svm,raw_gray,clean,0.0,val_f1_class_38,0.994026284348865
20260916T092421-2dbf5d1,cnn_feat_svm,raw_gray,clean,0.0,val_f1_class_39,0.9917355371900827
20260916T092421-2dbf5d1,cnn_feat_svm,raw_gray,clean,0.0,val_f1_class_40,0.7766990291262136
20260916T092421-2dbf5d1,cnn_feat_svm,raw_gray,clean,0.0,val_f1_class_41,0.8785046728971962
20260916T092421-2dbf5d1,cnn_feat_svm,raw_gray,clean,0.0,val_f1_class_42,1.0
20260916T092421-2dbf5d1,cnn_feat_svm,raw_gray,clean,0.0,train_seconds,1.0831983480020426
20260916T092421-2dbf5d1,cnn_feat_svm,raw_gray,clean,0.0,inference_seconds,9.890712696011178
20260916T092421-2dbf5d1,cnn_feat_svm,raw_gray,clean,0.0,inference_ms_per_image,1.263181698085719
20260916T092421-2dbf5d1,cnn_feat_svm,raw_gray,clean,0.0,inference_single_seconds,0.0020365410018712282
20260916T092421-2dbf5d1,cnn_feat_svm,raw_gray,clean,0.0,inference_single_ms_per_image,2.036541001871228
20260916T092421-2dbf5d1,cnn_feat_svm,raw_gray,clean,0.0,selected_C,0.01
20260916T092421-2dbf5d1,cnn_feat_svm,raw_gray,clean,0.0,selected_class_weight_balanced,1.0
20260916T092421-2dbf5d1,cnn_feat_svm,raw_gray,clean,0.0,feature_dim,128.0
20260916T092421-2dbf5d1,cnn_feat_svm,raw_gray,clean,0.0,model_size_mb,0.04341888427734375
20260916T092421-2dbf5d1,cnn_feat_svm,raw_gray,clean,0.0,embed_seconds,47.92176713200752
20260916T092421-2dbf5d1,cnn_feat_svm,raw_gray,clean,0.0,n_train_images,31379.0
20260916T125006-2dbf5d1,pca_svm,raw_gray,clean,0.0,val_accuracy,0.8140485312899106
20260916T125006-2dbf5d1,pca_svm,raw_gray,clean,0.0,val_macro_f1,0.7713094973373875
20260916T125006-2dbf5d1,pca_svm,raw_gray,clean,0.0,val_weighted_f1,0.8104043127428809
20260916T125006-2dbf5d1,pca_svm,raw_gray,clean,0.0,val_n_samples,7830.0
20260916T125006-2dbf5d1,pca_svm,raw_gray,clean,0.0,val_f1_class_0,0.5714285714285714
20260916T125006-2dbf5d1,pca_svm,raw_gray,clean,0.0,val_f1_class_1,0.7748571428571429
20260916T125006-2dbf5d1,pca_svm,raw_gray,clean,0.0,val_f1_class_2,0.8083700440528634
20260916T125006-2dbf5d1,pca_svm,raw_gray,clean,0.0,val_f1_class_3,0.7399030694668821
20260916T125006-2dbf5d1,pca_svm,raw_gray,clean,0.0,val_f1_class_4,0.7623421354764638
20260916T125006-2dbf5d1,pca_svm,raw_gray,clean,0.0,val_f1_class_5,0.6964285714285714
20260916T125006-2dbf5d1,pca_svm,raw_gray,clean,0.0,val_f1_class_6,0.8613861386138614
20260916T125006-2dbf5d1,pca_svm,raw_gray,clean,0.0,val_f1_class_7,0.7955801104972375
20260916T125006-2dbf5d1,pca_svm,raw_gray,clean,0.0,val_f1_class_8,0.6966666666666667
20260916T125006-2dbf5d1,pca_svm,raw_gray,clean,0.0,val_f1_class_9,0.9310924369747899
20260916T125006-2dbf5d1,pca_svm,raw_gray,clean,0.0,val_f1_class_10,0.9029940119760479
20260916T125006-2dbf5d1,pca_svm,raw_gray,clean,0.0,val_f1_class_11,0.9271028037383178
20260916T125006-2dbf5d1,pca_svm,raw_gray,clean,0.0,val_f1_class_12,0.7435897435897436
20260916T125006-2dbf5d1,pca_svm,raw_gray,clean,0.0,val_f1_class_13,0.9228998849252014
20260916T125006-2dbf5d1,pca_svm,raw_gray,clean,0.0,val_f1_class_14,0.8708487084870848
20260916T125006-2dbf5d1,pca_svm,raw_gray,clean,0.0,val_f1_class_15,0.7232472324723247
20260916T125006-2dbf5d1,pca_svm,raw_gray,clean,0.0,val_f1_class_16,0.9834254143646409
20260916T125006-2dbf5d1,pca_svm,raw_gray,clean,0.0,val_f1_class_17,0.9741176470588235
20260916T125006-2dbf5d1,pca_svm,raw_gray,clean,0.0,val_f1_class_18,0.854122621564482
20260916T125006-2dbf5d1,pca_svm,raw_gray,clean,0.0,val_f1_class_19,0.6363636363636364
20260916T125006-2dbf5d1,pca_svm,raw_gray,clean,0.0,val_f1_class_20,0.5619834710743802
20260916T125006-2dbf5d1,pca_svm,raw_gray,clean,0.0,val_f1_class_21,0.831858407079646
20260916T125006-2dbf5d1,pca_svm,raw_gray,clean,0.0,val_f1_class_22,0.9340659340659341
20260916T125006-2dbf5d1,pca_svm,raw_gray,clean,0.0,val_f1_class_23,0.8061224489795918
20260916T125006-2dbf5d1,pca_svm,raw_gray,clean,0.0,val_f1_class_24,0.5473684210526316
20260916T125006-2dbf5d1,pca_svm,raw_gray,clean,0.0,val_f1_class_25,0.8361774744027304
20260916T125006-2dbf5d1,pca_svm,raw_gray,clean,0.0,val_f1_class_26,0.8906882591093117
20260916T125006-2dbf5d1,pca_svm,raw_gray,clean,0.0,val_f1_class_27,0.7422680412371134
20260916T125006-2dbf5d1,pca_svm,raw_gray,clean,0.0,val_f1_class_28,0.6373626373626373
20260916T125006-2dbf5d1,pca_svm,raw_gray,clean,0.0,val_f1_class_29,0.2619047619047619
20260916T125006-2dbf5d1,pca_svm,raw_gray,clean,0.0,val_f1_class_30,0.6629213483146067
20260916T125006-2dbf5d1,pca_svm,raw_gray,clean,0.0,val_f1_class_31,0.7101449275362319
20260916T125006-2dbf5d1,pca_svm,raw_gray,clean,0.0,val_f1_class_32,0.40601503759398494
20260916T125006-2dbf5d1,pca_svm,raw_gray,clean,0.0,val_f1_class_33,0.918918918918919
20260916T125006-2dbf5d1,pca_svm,raw_gray,clean,0.0,val_f1_class_34,0.9655172413793104
20260916T125006-2dbf5d1,pca_svm,raw_gray,clean,0.0,val_f1_class_35,0.9051724137931034
20260916T125006-2dbf5d1,pca_svm,raw_gray,clean,0.0,val_f1_class_36,0.7631578947368421
20260916T125006-2dbf5d1,pca_svm,raw_gray,clean,0.0,val_f1_class_37,0.9830508474576272
20260916T125006-2dbf5d1,pca_svm,raw_gray,clean,0.0,val_f1_class_38,0.9214285714285714
20260916T125006-2dbf5d1,pca_svm,raw_gray,clean,0.0,val_f1_class_39,0.9836065573770492
20260916T125006-2dbf5d1,pca_svm,raw_gray,clean,0.0,val_f1_class_40,0.3950617283950617
20260916T125006-2dbf5d1,pca_svm,raw_gray,clean,0.0,val_f1_class_41,0.3764705882352941
20260916T125006-2dbf5d1,pca_svm,raw_gray,clean,0.0,val_f1_class_42,0.9482758620689655
20260916T125006-2dbf5d1,pca_svm,raw_gray,clean,0.0,train_seconds,31.119939530995907
20260916T125006-2dbf5d1,pca_svm,raw_gray,clean,0.0,inference_seconds,0.04996037101955153
20260916T125006-2dbf5d1,pca_svm,raw_gray,clean,0.0,inference_ms_per_image,0.006380634868397386
20260916T125006-2dbf5d1,pca_svm,raw_gray,clean,0.0,inference_single_seconds,0.0003336649970151484
20260916T125006-2dbf5d1,pca_svm,raw_gray,clean,0.0,inference_single_ms_per_image,0.3336649970151484
20260916T125006-2dbf5d1,pca_svm,raw_gray,clean,0.0,selected_n_components,256.0
20260916T125006-2dbf5d1,pca_svm,raw_gray,clean,0.0,selected_C,0.1
20260916T125006-2dbf5d1,pca_svm,raw_gray,clean,0.0,selected_class_weight_balanced,0.0
20260916T125006-2dbf5d1,pca_svm,raw_gray,clean,0.0,feature_dim,256.0
20260916T125006-2dbf5d1,pca_svm,raw_gray,clean,0.0,model_size_mb,2.3478784561157227
20260916T125006-2dbf5d1,pca_svm,raw_gray,clean,0.0,n_train_images,31379.0
20260917T014750-e208d35,bovw_svm,raw_gray,clean,0.0,val_accuracy,0.9329501915708812
20260917T014750-e208d35,bovw_svm,raw_gray,clean,0.0,val_macro_f1,0.8840441565835525
20260917T014750-e208d35,bovw_svm,raw_gray,clean,0.0,val_weighted_f1,0.9309616184199113
20260917T014750-e208d35,bovw_svm,raw_gray,clean,0.0,val_n_samples,7830.0
20260917T014750-e208d35,bovw_svm,raw_gray,clean,0.0,val_f1_class_0,0.7301587301587301
20260917T014750-e208d35,bovw_svm,raw_gray,clean,0.0,val_f1_class_1,0.9146067415730337
20260917T014750-e208d35,bovw_svm,raw_gray,clean,0.0,val_f1_class_2,0.9407821229050279
20260917T014750-e208d35,bovw_svm,raw_gray,clean,0.0,val_f1_class_3,0.9817518248175182
20260917T014750-e208d35,bovw_svm,raw_gray,clean,0.0,val_f1_class_4,0.9489414694894147
20260917T014750-e208d35,bovw_svm,raw_gray,clean,0.0,val_f1_class_5,0.9304964539007092
20260917T014750-e208d35,bovw_svm,raw_gray,clean,0.0,val_f1_class_6,0.9666666666666667
20260917T014750-e208d35,bovw_svm,raw_gray,clean,0.0,val_f1_class_7,0.9595959595959596
20260917T014750-e208d35,bovw_svm,raw_gray,clean,0.0,val_f1_class_8,0.9224806201550387
20260917T014750-e208d35,bovw_svm,raw_gray,clean,0.0,val_f1_class_9,0.972972972972973
20260917T014750-e208d35,bovw_svm,raw_gray,clean,0.0,val_f1_class_10,0.989821882951654
20260917T014750-e208d35,bovw_svm,raw_gray,clean,0.0,val_f1_class_11,0.9397163120567376
20260917T014750-e208d35,bovw_svm,raw_gray,clean,0.0,val_f1_class_12,0.9458483754512635
20260917T014750-e208d35,bovw_svm,raw_gray,clean,0.0,val_f1_class_13,0.9755529685681025
20260917T014750-e208d35,bovw_svm,raw_gray,clean,0.0,val_f1_class_14,0.9966777408637874
20260917T014750-e208d35,bovw_svm,raw_gray,clean,0.0,val_f1_class_15,0.9296875
20260917T014750-e208d35,bovw_svm,raw_gray,clean,0.0,val_f1_class_16,0.9836065573770492
20260917T014750-e208d35,bovw_svm,raw_gray,clean,0.0,val_f1_class_17,0.9767441860465116
20260917T014750-e208d35,bovw_svm,raw_gray,clean,0.0,val_f1_class_18,0.9302325581395349
20260917T014750-e208d35,bovw_svm,raw_gray,clean,0.0,val_f1_class_19,0.56
20260917T014750-e208d35,bovw_svm,raw_gray,clean,0.0,val_f1_class_20,0.7894736842105263
20260917T014750-e208d35,bovw_svm,raw_gray,clean,0.0,val_f1_class_21,0.5052631578947369
20260917T014750-e208d35,bovw_svm,raw_gray,clean,0.0,val_f1_class_22,0.978021978021978
20260917T014750-e208d35,bovw_svm,raw_gray,clean,0.0,val_f1_class_23,0.84375
20260917T014750-e208d35,bovw_svm,raw_gray,clean,0.0,val_f1_class_24,0.8305084745762712
20260917T014750-e208d35,bovw_svm,raw_gray,clean,0.0,val_f1_class_25,0.9667774086378738
20260917T014750-e208d35,bovw_svm,raw_gray,clean,0.0,val_f1_class_26,0.9042145593869731
20260917T014750-e208d35,bovw_svm,raw_gray,clean,0.0,val_f1_class_27,0.6534653465346535
20260917T014750-e208d35,bovw_svm,raw_gray,clean,0.0,val_f1_class_28,0.8317757009345794
20260917T014750-e208d35,bovw_svm,raw_gray,clean,0.0,val_f1_class_29,0.6391752577319587
20260917T014750-e208d35,bovw_svm,raw_gray,clean,0.0,val_f1_class_30,0.8
20260917T014750-e208d35,bovw_svm,raw_gray,clean,0.0,val_f1_class_31,0.891566265060241
20260917T014750-e208d35,bovw_svm,raw_gray,clean,0.0,val_f1_class_32,0.8163265306122449
20260917T014750-e208d35,bovw_svm,raw_gray,clean,0.0,val_f1_class_33,0.974025974025974
20260917T014750-e208d35,bovw_svm,raw_gray,clean,0.0,val_f1_class_34,0.8555555555555555
20260917T014750-e208d35,bovw_svm,raw_gray,clean,0.0,val_f1_class_35,0.9537815126050421
20260917T014750-e208d35,bovw_svm,raw_gray,clean,0.0,val_f1_class_36,0.9120879120879121
20260917T014750-e208d35,bovw_svm,raw_gray,clean,0.0,val_f1_class_37,0.8709677419354839
20260917T014750-e208d35,bovw_svm,raw_gray,clean,0.0,val_f1_class_38,0.9798339264531435
20260917T014750-e208d35,bovw_svm,raw_gray,clean,0.0,val_f1_class_39,0.9917355371900827
20260917T014750-e208d35,bovw_svm,raw_gray,clean,0.0,val_f1_class_40,0.7889908256880734
20260917T014750-e208d35,bovw_svm,raw_gray,clean,0.0,val_f1_class_41,0.7878787878787878
20260917T014750-e208d35,bovw_svm,raw_gray,clean,0.0,val_f1_class_42,0.9523809523809523
20260917T014750-e208d35,bovw_svm,raw_gray,clean,0.0,train_seconds,89.85549835400889
20260917T014750-e208d35,bovw_svm,raw_gray,clean,0.0,inference_seconds,10.812906467996072
20260917T014750-e208d35,bovw_svm,raw_gray,clean,0.0,inference_ms_per_image,1.3809586804592684
20260917T014750-e208d35,bovw_svm,raw_gray,clean,0.0,inference_single_seconds,0.0027922919834963977
20260917T014750-e208d35,bovw_svm,raw_gray,clean,0.0,inference_single_ms_per_image,2.7922919834963977
20260917T014750-e208d35,bovw_svm,raw_gray,clean,0.0,selected_keypoint_size,2.0
20260917T014750-e208d35,bovw_svm,raw_gray,clean,0.0,selected_step,2.0
20260917T014750-e208d35,bovw_svm,raw_gray,clean,0.0,selected_n_words,1000.0
20260917T014750-e208d35,bovw_svm,raw_gray,clean,0.0,n_keypoints,576.0
20260917T014750-e208d35,bovw_svm,raw_gray,clean,0.0,selected_C,1.0
20260917T014750-e208d35,bovw_svm,raw_gray,clean,0.0,selected_class_weight_balanced,1.0
20260917T014750-e208d35,bovw_svm,raw_gray,clean,0.0,feature_dim,1000.0
20260917T014750-e208d35,bovw_svm,raw_gray,clean,0.0,model_size_mb,1.5854196548461914
20260917T014750-e208d35,bovw_svm,raw_gray,clean,0.0,n_train_images,31379.0
20260917T022546-bc880c9,pca_svm,raw_gray,clean,0.0,accuracy,0.7985748218527315
20260917T022546-bc880c9,pca_svm,raw_gray,clean,0.0,macro_f1,0.7524881473732479
20260917T022546-bc880c9,pca_svm,raw_gray,clean,0.0,weighted_f1,0.7945003993139007
20260917T022546-bc880c9,pca_svm,raw_gray,clean,0.0,n_samples,12630.0
20260917T022546-bc880c9,pca_svm,raw_gray,clean,0.0,f1_class_0,0.5681818181818182
20260917T022546-bc880c9,pca_svm,raw_gray,clean,0.0,f1_class_1,0.8060941828254847
20260917T022546-bc880c9,pca_svm,raw_gray,clean,0.0,f1_class_2,0.8149053145998778
20260917T022546-bc880c9,pca_svm,raw_gray,clean,0.0,f1_class_3,0.7105263157894737
20260917T022546-bc880c9,pca_svm,raw_gray,clean,0.0,f1_class_4,0.7630813953488372
20260917T022546-bc880c9,pca_svm,raw_gray,clean,0.0,f1_class_5,0.6689419795221843
20260917T022546-bc880c9,pca_svm,raw_gray,clean,0.0,f1_class_6,0.7306273062730627
20260917T022546-bc880c9,pca_svm,raw_gray,clean,0.0,f1_class_7,0.7168458781362007
20260917T022546-bc880c9,pca_svm,raw_gray,clean,0.0,f1_class_8,0.6981891348088531
20260917T022546-bc880c9,pca_svm,raw_gray,clean,0.0,f1_class_9,0.8571428571428571
20260917T022546-bc880c9,pca_svm,raw_gray,clean,0.0,f1_class_10,0.8545953360768176
20260917T022546-bc880c9,pca_svm,raw_gray,clean,0.0,f1_class_11,0.8423645320197044
20260917T022546-bc880c9,pca_svm,raw_gray,clean,0.0,f1_class_12,0.7855763039278815
20260917T022546-bc880c9,pca_svm,raw_gray,clean,0.0,f1_class_13,0.9285714285714286
20260917T022546-bc880c9,pca_svm,raw_gray,clean,0.0,f1_class_14,0.8670756646216768
20260917T022546-bc880c9,pca_svm,raw_gray,clean,0.0,f1_class_15,0.7467811158798283
20260917T022546-bc880c9,pca_svm,raw_gray,clean,0.0,f1_class_16,0.9764309764309764
20260917T022546-bc880c9,pca_svm,raw_gray,clean,0.0,f1_class_17,0.9197707736389685
20260917T022546-bc880c9,pca_svm,raw_gray,clean,0.0,f1_class_18,0.7120567375886525
20260917T022546-bc880c9,pca_svm,raw_gray,clean,0.0,f1_class_19,0.58
20260917T022546-bc880c9,pca_svm,raw_gray,clean,0.0,f1_class_20,0.6524064171122995
20260917T022546-bc880c9,pca_svm,raw_gray,clean,0.0,f1_class_21,0.4233576642335766
20260917T022546-bc880c9,pca_svm,raw_gray,clean,0.0,f1_class_22,0.923728813559322
20260917T022546-bc880c9,pca_svm,raw_gray,clean,0.0,f1_class_23,0.7311827956989247
20260917T022546-bc880c9,pca_svm,raw_gray,clean,0.0,f1_class_24,0.32786885245901637
20260917T022546-bc880c9,pca_svm,raw_gray,clean,0.0,f1_class_25,0.8981288981288982
20260917T022546-bc880c9,pca_svm,raw_gray,clean,0.0,f1_class_26,0.7528089887640449
20260917T022546-bc880c9,pca_svm,raw_gray,clean,0.0,f1_class_27,0.4842105263157895
20260917T022546-bc880c9,pca_svm,raw_gray,clean,0.0,f1_class_28,0.7345454545454545
20260917T022546-bc880c9,pca_svm,raw_gray,clean,0.0,f1_class_29,0.7821782178217822
20260917T022546-bc880c9,pca_svm,raw_gray,clean,0.0,f1_class_30,0.4915254237288136
20260917T022546-bc880c9,pca_svm,raw_gray,clean,0.0,f1_class_31,0.799249530956848
20260917T022546-bc880c9,pca_svm,raw_gray,clean,0.0,f1_class_32,0.4842105263157895
20260917T022546-bc880c9,pca_svm,raw_gray,clean,0.0,f1_class_33,0.8146551724137931
20260917T022546-bc880c9,pca_svm,raw_gray,clean,0.0,f1_class_34,0.9416666666666667
20260917T022546-bc880c9,pca_svm,raw_gray,clean,0.0,f1_class_35,0.8587570621468926
20260917T022546-bc880c9,pca_svm,raw_gray,clean,0.0,f1_class_36,0.9304347826086956
20260917T022546-bc880c9,pca_svm,raw_gray,clean,0.0,f1_class_37,0.8113207547169812
20260917T022546-bc880c9,pca_svm,raw_gray,clean,0.0,f1_class_38,0.8993666432090077
20260917T022546-bc880c9,pca_svm,raw_gray,clean,0.0,f1_class_39,0.9378531073446328
20260917T022546-bc880c9,pca_svm,raw_gray,clean,0.0,f1_class_40,0.6666666666666666
20260917T022546-bc880c9,pca_svm,raw_gray,clean,0.0,f1_class_41,0.6938775510204082
20260917T022546-bc880c9,pca_svm,raw_gray,clean,0.0,f1_class_42,0.7692307692307693
20260917T022546-bc880c9,hog_svm,raw_gray,clean,0.0,accuracy,0.9238321456848773
20260917T022546-bc880c9,hog_svm,raw_gray,clean,0.0,macro_f1,0.9061555046744536
20260917T022546-bc880c9,hog_svm,raw_gray,clean,0.0,weighted_f1,0.9233697659479404
20260917T022546-bc880c9,hog_svm,raw_gray,clean,0.0,n_samples,12630.0
20260917T022546-bc880c9,hog_svm,raw_gray,clean,0.0,f1_class_0,0.7801418439716312
20260917T022546-bc880c9,hog_svm,raw_gray,clean,0.0,f1_class_1,0.8861493836113126
20260917T022546-bc880c9,hog_svm,raw_gray,clean,0.0,f1_class_2,0.8629700446144041
20260917T022546-bc880c9,hog_svm,raw_gray,clean,0.0,f1_class_3,0.8584169453734671
20260917T022546-bc880c9,hog_svm,raw_gray,clean,0.0,f1_class_4,0.9429429429429429
20260917T022546-bc880c9,hog_svm,raw_gray,clean,0.0,f1_class_5,0.811522633744856
20260917T022546-bc880c9,hog_svm,raw_gray,clean,0.0,f1_class_6,0.7697594501718213
20260917T022546-bc880c9,hog_svm,raw_gray,clean,0.0,f1_class_7,0.9112814895947426
20260917T022546-bc880c9,hog_svm,raw_gray,clean,0.0,f1_class_8,0.8695652173913043
20260917T022546-bc880c9,hog_svm,raw_gray,clean,0.0,f1_class_9,0.9741468459152016
20260917T022546-bc880c9,hog_svm,raw_gray,clean,0.0,f1_class_10,0.9750189250567751
20260917T022546-bc880c9,hog_svm,raw_gray,clean,0.0,f1_class_11,0.9095354523227384
20260917T022546-bc880c9,hog_svm,raw_gray,clean,0.0,f1_class_12,0.9963846710050615
20260917T022546-bc880c9,hog_svm,raw_gray,clean,0.0,f1_class_13,0.9972260748959778
20260917T022546-bc880c9,hog_svm,raw_gray,clean,0.0,f1_class_14,0.9813432835820896
20260917T022546-bc880c9,hog_svm,raw_gray,clean,0.0,f1_class_15,0.954337899543379
20260917T022546-bc880c9,hog_svm,raw_gray,clean,0.0,f1_class_16,0.9865771812080537
20260917T022546-bc880c9,hog_svm,raw_gray,clean,0.0,f1_class_17,0.9972222222222222
20260917T022546-bc880c9,hog_svm,raw_gray,clean,0.0,f1_class_18,0.9226736566186108
20260917T022546-bc880c9,hog_svm,raw_gray,clean,0.0,f1_class_19,0.96
20260917T022546-bc880c9,hog_svm,raw_gray,clean,0.0,f1_class_20,0.8685714285714285
20260917T022546-bc880c9,hog_svm,raw_gray,clean,0.0,f1_class_21,0.8809523809523809
20260917T022546-bc880c9,hog_svm,raw_gray,clean,0.0,f1_class_22,0.8493150684931506
20260917T022546-bc880c9,hog_svm,raw_gray,clean,0.0,f1_class_23,0.8512110726643599
20260917T022546-bc880c9,hog_svm,raw_gray,clean,0.0,f1_class_24,0.8227848101265823
20260917T022546-bc880c9,hog_svm,raw_gray,clean,0.0,f1_class_25,0.9510204081632653
20260917T022546-bc880c9,hog_svm,raw_gray,clean,0.0,f1_class_26,0.8439306358381503
20260917T022546-bc880c9,hog_svm,raw_gray,clean,0.0,f1_class_27,0.9166666666666666
20260917T022546-bc880c9,hog_svm,raw_gray,clean,0.0,f1_class_28,0.8711656441717791
20260917T022546-bc880c9,hog_svm,raw_gray,clean,0.0,f1_class_29,0.8540540540540541
20260917T022546-bc880c9,hog_svm,raw_gray,clean,0.0,f1_class_30,0.8064516129032258
20260917T022546-bc880c9,hog_svm,raw_gray,clean,0.0,f1_class_31,0.9403508771929825
20260917T022546-bc880c9,hog_svm,raw_gray,clean,0.0,f1_class_32,0.8118811881188119
20260917T022546-bc880c9,hog_svm,raw_gray,clean,0.0,f1_class_33,0.9653579676674365
20260917T022546-bc880c9,hog_svm,raw_gray,clean,0.0,f1_class_34,0.9714285714285714
20260917T022546-bc880c9,hog_svm,raw_gray,clean,0.0,f1_class_35,0.9883570504527813
20260917T022546-bc880c9,hog_svm,raw_gray,clean,0.0,f1_class_36,0.995850622406639
20260917T022546-bc880c9,hog_svm,raw_gray,clean,0.0,f1_class_37,0.9752066115702479
20260917T022546-bc880c9,hog_svm,raw_gray,clean,0.0,f1_class_38,0.9819233550253073
20260917T022546-bc880c9,hog_svm,raw_gray,clean,0.0,f1_class_39,0.9782608695652174
20260917T022546-bc880c9,hog_svm,raw_gray,clean,0.0,f1_class_40,0.9270833333333334
20260917T022546-bc880c9,hog_svm,raw_gray,clean,0.0,f1_class_41,0.7787610619469026
20260917T022546-bc880c9,hog_svm,raw_gray,clean,0.0,f1_class_42,0.7868852459016393
20260917T022546-bc880c9,cnn_feat_svm,raw_gray,clean,0.0,accuracy,0.9804433887569279
20260917T022546-bc880c9,cnn_feat_svm,raw_gray,clean,0.0,macro_f1,0.9651456284118336
20260917T022546-bc880c9,cnn_feat_svm,raw_gray,clean,0.0,weighted_f1,0.9801368328292748
20260917T022546-bc880c9,cnn_feat_svm,raw_gray,clean,0.0,n_samples,12630.0
20260917T022546-bc880c9,cnn_feat_svm,raw_gray,clean,0.0,f1_class_0,0.96
20260917T022546-bc880c9,cnn_feat_svm,raw_gray,clean,0.0,f1_class_1,0.9917127071823204
20260917T022546-bc880c9,cnn_feat_svm,raw_gray,clean,0.0,f1_class_2,0.9973333333333333
20260917T022546-bc880c9,cnn_feat_svm,raw_gray,clean,0.0,f1_class_3,0.9667405764966741
20260917T022546-bc880c9,cnn_feat_svm,raw_gray,clean,0.0,f1_class_4,0.992412746585736
20260917T022546-bc880c9,cnn_feat_svm,raw_gray,clean,0.0,f1_class_5,0.9818754925137904
20260917T022546-bc880c9,cnn_feat_svm,raw_gray,clean,0.0,f1_class_6,0.920863309352518
20260917T022546-bc880c9,cnn_feat_svm,raw_gray,clean,0.0,f1_class_7,0.9866666666666667
20260917T022546-bc880c9,cnn_feat_svm,raw_gray,clean,0.0,f1_class_8,0.9740112994350283
20260917T022546-bc880c9,cnn_feat_svm,raw_gray,clean,0.0,f1_class_9,0.9989594172736732
20260917T022546-bc880c9,cnn_feat_svm,raw_gray,clean,0.0,f1_class_10,0.9962034927866363
20260917T022546-bc880c9,cnn_feat_svm,raw_gray,clean,0.0,f1_class_11,0.9698375870069605
20260917T022546-bc880c9,cnn_feat_svm,raw_gray,clean,0.0,f1_class_12,0.9949458483754513
20260917T022546-bc880c9,cnn_feat_svm,raw_gray,clean,0.0,f1_class_13,0.9951422623178349
20260917T022546-bc880c9,cnn_feat_svm,raw_gray,clean,0.0,f1_class_14,0.9962962962962963
20260917T022546-bc880c9,cnn_feat_svm,raw_gray,clean,0.0,f1_class_15,0.9952380952380953
20260917T022546-bc880c9,cnn_feat_svm,raw_gray,clean,0.0,f1_class_16,0.9966777408637874
20260917T022546-bc880c9,cnn_feat_svm,raw_gray,clean,0.0,f1_class_17,0.9690140845070423
20260917T022546-bc880c9,cnn_feat_svm,raw_gray,clean,0.0,f1_class_18,0.942381562099872
20260917T022546-bc880c9,cnn_feat_svm,raw_gray,clean,0.0,f1_class_19,1.0
20260917T022546-bc880c9,cnn_feat_svm,raw_gray,clean,0.0,f1_class_20,0.9398907103825137
20260917T022546-bc880c9,cnn_feat_svm,raw_gray,clean,0.0,f1_class_21,0.978021978021978
20260917T022546-bc880c9,cnn_feat_svm,raw_gray,clean,0.0,f1_class_22,0.9523809523809523
20260917T022546-bc880c9,cnn_feat_svm,raw_gray,clean,0.0,f1_class_23,0.9770491803278688
20260917T022546-bc880c9,cnn_feat_svm,raw_gray,clean,0.0,f1_class_24,0.8819875776397516
20260917T022546-bc880c9,cnn_feat_svm,raw_gray,clean,0.0,f1_class_25,0.9865563598759048
20260917T022546-bc880c9,cnn_feat_svm,raw_gray,clean,0.0,f1_class_26,0.9060773480662984
20260917T022546-bc880c9,cnn_feat_svm,raw_gray,clean,0.0,f1_class_27,0.7291666666666666
20260917T022546-bc880c9,cnn_feat_svm,raw_gray,clean,0.0,f1_class_28,1.0
20260917T022546-bc880c9,cnn_feat_svm,raw_gray,clean,0.0,f1_class_29,1.0
20260917T022546-bc880c9,cnn_feat_svm,raw_gray,clean,0.0,f1_class_30,0.9583333333333334
20260917T022546-bc880c9,cnn_feat_svm,raw_gray,clean,0.0,f1_class_31,0.996309963099631
20260917T022546-bc880c9,cnn_feat_svm,raw_gray,clean,0.0,f1_class_32,0.8955223880597015
20260917T022546-bc880c9,cnn_feat_svm,raw_gray,clean,0.0,f1_class_33,0.9929078014184397
20260917T022546-bc880c9,cnn_feat_svm,raw_gray,clean,0.0,f1_class_34,0.9834710743801653
20260917T022546-bc880c9,cnn_feat_svm,raw_gray,clean,0.0,f1_class_35,0.9987163029525032
20260917T022546-bc880c9,cnn_feat_svm,raw_gray,clean,0.0,f1_class_36,0.9917355371900827
20260917T022546-bc880c9,cnn_feat_svm,raw_gray,clean,0.0,f1_class_37,0.9836065573770492
20260917T022546-bc880c9,cnn_feat_svm,raw_gray,clean,0.0,f1_class_38,0.9819754866618601
20260917T022546-bc880c9,cnn_feat_svm,raw_gray,clean,0.0,f1_class_39,0.978021978021978
20260917T022546-bc880c9,cnn_feat_svm,raw_gray,clean,0.0,f1_class_40,0.8087431693989071
20260917T022546-bc880c9,cnn_feat_svm,raw_gray,clean,0.0,f1_class_41,0.96
20260917T022546-bc880c9,cnn_feat_svm,raw_gray,clean,0.0,f1_class_42,0.994475138121547
20260917T022546-bc880c9,cnn_e2e,raw_gray,clean,0.0,accuracy,0.9785431512272368
20260917T022546-bc880c9,cnn_e2e,raw_gray,clean,0.0,macro_f1,0.9683772712837745
20260917T022546-bc880c9,cnn_e2e,raw_gray,clean,0.0,weighted_f1,0.9786279818394272
20260917T022546-bc880c9,cnn_e2e,raw_gray,clean,0.0,n_samples,12630.0
20260917T022546-bc880c9,cnn_e2e,raw_gray,clean,0.0,f1_class_0,0.9833333333333333
20260917T022546-bc880c9,cnn_e2e,raw_gray,clean,0.0,f1_class_1,0.9917127071823204
20260917T022546-bc880c9,cnn_e2e,raw_gray,clean,0.0,f1_class_2,0.9940119760479041
20260917T022546-bc880c9,cnn_e2e,raw_gray,clean,0.0,f1_class_3,0.9732739420935412
20260917T022546-bc880c9,cnn_e2e,raw_gray,clean,0.0,f1_class_4,0.9908256880733946
20260917T022546-bc880c9,cnn_e2e,raw_gray,clean,0.0,f1_class_5,0.9803613511390417
20260917T022546-bc880c9,cnn_e2e,raw_gray,clean,0.0,f1_class_6,0.9247311827956989
20260917T022546-bc880c9,cnn_e2e,raw_gray,clean,0.0,f1_class_7,0.9575200918484501
20260917T022546-bc880c9,cnn_e2e,raw_gray,clean,0.0,f1_class_8,0.9323308270676691
20260917T022546-bc880c9,cnn_e2e,raw_gray,clean,0.0,f1_class_9,0.9968847352024922
20260917T022546-bc880c9,cnn_e2e,raw_gray,clean,0.0,f1_class_10,0.9969604863221885
20260917T022546-bc880c9,cnn_e2e,raw_gray,clean,0.0,f1_class_11,0.9880382775119617
20260917T022546-bc880c9,cnn_e2e,raw_gray,clean,0.0,f1_class_12,0.9963898916967509
20260917T022546-bc880c9,cnn_e2e,raw_gray,clean,0.0,f1_class_13,0.9979123173277662
20260917T022546-bc880c9,cnn_e2e,raw_gray,clean,0.0,f1_class_14,0.996309963099631
20260917T022546-bc880c9,cnn_e2e,raw_gray,clean,0.0,f1_class_15,1.0
20260917T022546-bc880c9,cnn_e2e,raw_gray,clean,0.0,f1_class_16,0.9966555183946488
20260917T022546-bc880c9,cnn_e2e,raw_gray,clean,0.0,f1_class_17,0.972972972972973
20260917T022546-bc880c9,cnn_e2e,raw_gray,clean,0.0,f1_class_18,0.919889502762431
20260917T022546-bc880c9,cnn_e2e,raw_gray,clean,0.0,f1_class_19,0.9917355371900827
20260917T022546-bc880c9,cnn_e2e,raw_gray,clean,0.0,f1_class_20,0.9398907103825137
20260917T022546-bc880c9,cnn_e2e,raw_gray,clean,0.0,f1_class_21,0.989010989010989
20260917T022546-bc880c9,cnn_e2e,raw_gray,clean,0.0,f1_class_22,0.9523809523809523
20260917T022546-bc880c9,cnn_e2e,raw_gray,clean,0.0,f1_class_23,0.9704918032786886
20260917T022546-bc880c9,cnn_e2e,raw_gray,clean,0.0,f1_class_24,0.9720670391061452
20260917T022546-bc880c9,cnn_e2e,raw_gray,clean,0.0,f1_class_25,0.9906347554630593
20260917T022546-bc880c9,cnn_e2e,raw_gray,clean,0.0,f1_class_26,0.89
20260917T022546-bc880c9,cnn_e2e,raw_gray,clean,0.0,f1_class_27,0.8217054263565892
20260917T022546-bc880c9,cnn_e2e,raw_gray,clean,0.0,f1_class_28,1.0
20260917T022546-bc880c9,cnn_e2e,raw_gray,clean,0.0,f1_class_29,0.9523809523809523
20260917T022546-bc880c9,cnn_e2e,raw_gray,clean,0.0,f1_class_30,0.9198606271777003
20260917T022546-bc880c9,cnn_e2e,raw_gray,clean,0.0,f1_class_31,1.0
20260917T022546-bc880c9,cnn_e2e,raw_gray,clean,0.0,f1_class_32,0.8759124087591241
20260917T022546-bc880c9,cnn_e2e,raw_gray,clean,0.0,f1_class_33,0.9952380952380953
20260917T022546-bc880c9,cnn_e2e,raw_gray,clean,0.0,f1_class_34,0.9754098360655737
20260917T022546-bc880c9,cnn_e2e,raw_gray,clean,0.0,f1_class_35,0.9948849104859335
20260917T022546-bc880c9,cnn_e2e,raw_gray,clean,0.0,f1_class_36,0.9917355371900827
20260917T022546-bc880c9,cnn_e2e,raw_gray,clean,0.0,f1_class_37,0.9917355371900827
20260917T022546-bc880c9,cnn_e2e,raw_gray,clean,0.0,f1_class_38,0.9798561151079137
20260917T022546-bc880c9,cnn_e2e,raw_gray,clean,0.0,f1_class_39,0.994413407821229
20260917T022546-bc880c9,cnn_e2e,raw_gray,clean,0.0,f1_class_40,0.88268156424581
20260917T022546-bc880c9,cnn_e2e,raw_gray,clean,0.0,f1_class_41,0.9836065573770492
20260917T022546-bc880c9,cnn_e2e,raw_gray,clean,0.0,f1_class_42,0.994475138121547
20260917T022546-bc880c9,pca_svm,raw_gray,noise,0.0,accuracy,0.7985748218527315
20260917T022546-bc880c9,pca_svm,raw_gray,noise,0.0,macro_f1,0.7524881473732479
20260917T022546-bc880c9,pca_svm,raw_gray,noise,0.0,weighted_f1,0.7945003993139007
20260917T022546-bc880c9,pca_svm,raw_gray,noise,0.0,n_samples,12630.0
20260917T022546-bc880c9,hog_svm,raw_gray,noise,0.0,accuracy,0.9238321456848773
20260917T022546-bc880c9,hog_svm,raw_gray,noise,0.0,macro_f1,0.9061555046744536
20260917T022546-bc880c9,hog_svm,raw_gray,noise,0.0,weighted_f1,0.9233697659479404
20260917T022546-bc880c9,hog_svm,raw_gray,noise,0.0,n_samples,12630.0
20260917T022546-bc880c9,cnn_feat_svm,raw_gray,noise,0.0,accuracy,0.9804433887569279
20260917T022546-bc880c9,cnn_feat_svm,raw_gray,noise,0.0,macro_f1,0.9651456284118336
20260917T022546-bc880c9,cnn_feat_svm,raw_gray,noise,0.0,weighted_f1,0.9801368328292748
20260917T022546-bc880c9,cnn_feat_svm,raw_gray,noise,0.0,n_samples,12630.0
20260917T022546-bc880c9,cnn_e2e,raw_gray,noise,0.0,accuracy,0.9785431512272368
20260917T022546-bc880c9,cnn_e2e,raw_gray,noise,0.0,macro_f1,0.9683772712837745
20260917T022546-bc880c9,cnn_e2e,raw_gray,noise,0.0,weighted_f1,0.9786279818394272
20260917T022546-bc880c9,cnn_e2e,raw_gray,noise,0.0,n_samples,12630.0
20260917T022546-bc880c9,pca_svm,raw_gray,noise,5.0,accuracy,0.792319873317498
20260917T022546-bc880c9,pca_svm,raw_gray,noise,5.0,macro_f1,0.7462969897894266
20260917T022546-bc880c9,pca_svm,raw_gray,noise,5.0,weighted_f1,0.7882598988169787
20260917T022546-bc880c9,pca_svm,raw_gray,noise,5.0,n_samples,12630.0
20260917T022546-bc880c9,hog_svm,raw_gray,noise,5.0,accuracy,0.7513855898653998
20260917T022546-bc880c9,hog_svm,raw_gray,noise,5.0,macro_f1,0.7302023937271883
20260917T022546-bc880c9,hog_svm,raw_gray,noise,5.0,weighted_f1,0.7511109137806468
20260917T022546-bc880c9,hog_svm,raw_gray,noise,5.0,n_samples,12630.0
20260917T022546-bc880c9,cnn_feat_svm,raw_gray,noise,5.0,accuracy,0.964528899445764
20260917T022546-bc880c9,cnn_feat_svm,raw_gray,noise,5.0,macro_f1,0.9424381048162885
20260917T022546-bc880c9,cnn_feat_svm,raw_gray,noise,5.0,weighted_f1,0.9643225643032096
20260917T022546-bc880c9,cnn_feat_svm,raw_gray,noise,5.0,n_samples,12630.0
20260917T022546-bc880c9,cnn_e2e,raw_gray,noise,5.0,accuracy,0.957957244655582
20260917T022546-bc880c9,cnn_e2e,raw_gray,noise,5.0,macro_f1,0.9398918358278321
20260917T022546-bc880c9,cnn_e2e,raw_gray,noise,5.0,weighted_f1,0.9580182283000054
20260917T022546-bc880c9,cnn_e2e,raw_gray,noise,5.0,n_samples,12630.0
20260917T022546-bc880c9,pca_svm,raw_gray,noise,10.0,accuracy,0.7795724465558195
20260917T022546-bc880c9,pca_svm,raw_gray,noise,10.0,macro_f1,0.7344553952506515
20260917T022546-bc880c9,pca_svm,raw_gray,noise,10.0,weighted_f1,0.7757685414521236
20260917T022546-bc880c9,pca_svm,raw_gray,noise,10.0,n_samples,12630.0
20260917T022546-bc880c9,hog_svm,raw_gray,noise,10.0,accuracy,0.5774346793349169
20260917T022546-bc880c9,hog_svm,raw_gray,noise,10.0,macro_f1,0.5606736507599013
20260917T022546-bc880c9,hog_svm,raw_gray,noise,10.0,weighted_f1,0.5697688458312947
20260917T022546-bc880c9,hog_svm,raw_gray,noise,10.0,n_samples,12630.0
20260917T022546-bc880c9,cnn_feat_svm,raw_gray,noise,10.0,accuracy,0.8977830562153603
20260917T022546-bc880c9,cnn_feat_svm,raw_gray,noise,10.0,macro_f1,0.8613656181948786
20260917T022546-bc880c9,cnn_feat_svm,raw_gray,noise,10.0,weighted_f1,0.9024429486209414
20260917T022546-bc880c9,cnn_feat_svm,raw_gray,noise,10.0,n_samples,12630.0
20260917T022546-bc880c9,cnn_e2e,raw_gray,noise,10.0,accuracy,0.8895486935866983
20260917T022546-bc880c9,cnn_e2e,raw_gray,noise,10.0,macro_f1,0.8636403600660162
20260917T022546-bc880c9,cnn_e2e,raw_gray,noise,10.0,weighted_f1,0.8909001956636784
20260917T022546-bc880c9,cnn_e2e,raw_gray,noise,10.0,n_samples,12630.0
20260917T022546-bc880c9,pca_svm,raw_gray,noise,20.0,accuracy,0.7255740300870942
20260917T022546-bc880c9,pca_svm,raw_gray,noise,20.0,macro_f1,0.6836446131332461
20260917T022546-bc880c9,pca_svm,raw_gray,noise,20.0,weighted_f1,0.7220257446410449
20260917T022546-bc880c9,pca_svm,raw_gray,noise,20.0,n_samples,12630.0
20260917T022546-bc880c9,hog_svm,raw_gray,noise,20.0,accuracy,0.36634996041171813
20260917T022546-bc880c9,hog_svm,raw_gray,noise,20.0,macro_f1,0.33522526978479394
20260917T022546-bc880c9,hog_svm,raw_gray,noise,20.0,weighted_f1,0.3446680109150149
20260917T022546-bc880c9,hog_svm,raw_gray,noise,20.0,n_samples,12630.0
20260917T022546-bc880c9,cnn_feat_svm,raw_gray,noise,20.0,accuracy,0.7113222486144102
20260917T022546-bc880c9,cnn_feat_svm,raw_gray,noise,20.0,macro_f1,0.6925744847589824
20260917T022546-bc880c9,cnn_feat_svm,raw_gray,noise,20.0,weighted_f1,0.7437481444527829
20260917T022546-bc880c9,cnn_feat_svm,raw_gray,noise,20.0,n_samples,12630.0
20260917T022546-bc880c9,cnn_e2e,raw_gray,noise,20.0,accuracy,0.7052256532066509
20260917T022546-bc880c9,cnn_e2e,raw_gray,noise,20.0,macro_f1,0.6914209044584795
20260917T022546-bc880c9,cnn_e2e,raw_gray,noise,20.0,weighted_f1,0.7198724492588194
20260917T022546-bc880c9,cnn_e2e,raw_gray,noise,20.0,n_samples,12630.0
20260917T022546-bc880c9,pca_svm,raw_gray,noise,40.0,accuracy,0.6186064924782264
20260917T022546-bc880c9,pca_svm,raw_gray,noise,40.0,macro_f1,0.583390438915142
20260917T022546-bc880c9,pca_svm,raw_gray,noise,40.0,weighted_f1,0.6142874340657617
20260917T022546-bc880c9,pca_svm,raw_gray,noise,40.0,n_samples,12630.0
20260917T022546-bc880c9,hog_svm,raw_gray,noise,40.0,accuracy,0.17783056215360254
20260917T022546-bc880c9,hog_svm,raw_gray,noise,40.0,macro_f1,0.13412504731323213
20260917T022546-bc880c9,hog_svm,raw_gray,noise,40.0,weighted_f1,0.14853212565247187
20260917T022546-bc880c9,hog_svm,raw_gray,noise,40.0,n_samples,12630.0
20260917T022546-bc880c9,cnn_feat_svm,raw_gray,noise,40.0,accuracy,0.4101346001583531
20260917T022546-bc880c9,cnn_feat_svm,raw_gray,noise,40.0,macro_f1,0.42767334756660214
20260917T022546-bc880c9,cnn_feat_svm,raw_gray,noise,40.0,weighted_f1,0.4738105881400025
20260917T022546-bc880c9,cnn_feat_svm,raw_gray,noise,40.0,n_samples,12630.0
20260917T022546-bc880c9,cnn_e2e,raw_gray,noise,40.0,accuracy,0.41789390340459226
20260917T022546-bc880c9,cnn_e2e,raw_gray,noise,40.0,macro_f1,0.4245212631962753
20260917T022546-bc880c9,cnn_e2e,raw_gray,noise,40.0,weighted_f1,0.4579099047989807
20260917T022546-bc880c9,cnn_e2e,raw_gray,noise,40.0,n_samples,12630.0
20260917T022546-bc880c9,pca_svm,raw_gray,blur,0.0,accuracy,0.7985748218527315
20260917T022546-bc880c9,pca_svm,raw_gray,blur,0.0,macro_f1,0.7524881473732479
20260917T022546-bc880c9,pca_svm,raw_gray,blur,0.0,weighted_f1,0.7945003993139007
20260917T022546-bc880c9,pca_svm,raw_gray,blur,0.0,n_samples,12630.0
20260917T022546-bc880c9,hog_svm,raw_gray,blur,0.0,accuracy,0.9238321456848773
20260917T022546-bc880c9,hog_svm,raw_gray,blur,0.0,macro_f1,0.9061555046744536
20260917T022546-bc880c9,hog_svm,raw_gray,blur,0.0,weighted_f1,0.9233697659479404
20260917T022546-bc880c9,hog_svm,raw_gray,blur,0.0,n_samples,12630.0
20260917T022546-bc880c9,cnn_feat_svm,raw_gray,blur,0.0,accuracy,0.9804433887569279
20260917T022546-bc880c9,cnn_feat_svm,raw_gray,blur,0.0,macro_f1,0.9651456284118336
20260917T022546-bc880c9,cnn_feat_svm,raw_gray,blur,0.0,weighted_f1,0.9801368328292748
20260917T022546-bc880c9,cnn_feat_svm,raw_gray,blur,0.0,n_samples,12630.0
20260917T022546-bc880c9,cnn_e2e,raw_gray,blur,0.0,accuracy,0.9785431512272368
20260917T022546-bc880c9,cnn_e2e,raw_gray,blur,0.0,macro_f1,0.9683772712837745
20260917T022546-bc880c9,cnn_e2e,raw_gray,blur,0.0,weighted_f1,0.9786279818394272
20260917T022546-bc880c9,cnn_e2e,raw_gray,blur,0.0,n_samples,12630.0
20260917T022546-bc880c9,pca_svm,raw_gray,blur,3.0,accuracy,0.7922406967537609
20260917T022546-bc880c9,pca_svm,raw_gray,blur,3.0,macro_f1,0.7461185882898641
20260917T022546-bc880c9,pca_svm,raw_gray,blur,3.0,weighted_f1,0.7877731179079873
20260917T022546-bc880c9,pca_svm,raw_gray,blur,3.0,n_samples,12630.0
20260917T022546-bc880c9,hog_svm,raw_gray,blur,3.0,accuracy,0.9190815518606492
20260917T022546-bc880c9,hog_svm,raw_gray,blur,3.0,macro_f1,0.9003123653753241
20260917T022546-bc880c9,hog_svm,raw_gray,blur,3.0,weighted_f1,0.918902590471593
20260917T022546-bc880c9,hog_svm,raw_gray,blur,3.0,n_samples,12630.0
20260917T022546-bc880c9,cnn_feat_svm,raw_gray,blur,3.0,accuracy,0.9785431512272368
20260917T022546-bc880c9,cnn_feat_svm,raw_gray,blur,3.0,macro_f1,0.9616563297740356
20260917T022546-bc880c9,cnn_feat_svm,raw_gray,blur,3.0,weighted_f1,0.9782426777484872
20260917T022546-bc880c9,cnn_feat_svm,raw_gray,blur,3.0,n_samples,12630.0
20260917T022546-bc880c9,cnn_e2e,raw_gray,blur,3.0,accuracy,0.9764845605700713
20260917T022546-bc880c9,cnn_e2e,raw_gray,blur,3.0,macro_f1,0.96330032530382
20260917T022546-bc880c9,cnn_e2e,raw_gray,blur,3.0,weighted_f1,0.976511000968577
20260917T022546-bc880c9,cnn_e2e,raw_gray,blur,3.0,n_samples,12630.0
20260917T022546-bc880c9,pca_svm,raw_gray,blur,5.0,accuracy,0.7684877276326207
20260917T022546-bc880c9,pca_svm,raw_gray,blur,5.0,macro_f1,0.725202240463558
20260917T022546-bc880c9,pca_svm,raw_gray,blur,5.0,weighted_f1,0.7636668227409928
20260917T022546-bc880c9,pca_svm,raw_gray,blur,5.0,n_samples,12630.0
20260917T022546-bc880c9,hog_svm,raw_gray,blur,5.0,accuracy,0.8417260490894695
20260917T022546-bc880c9,hog_svm,raw_gray,blur,5.0,macro_f1,0.8135765368866362
20260917T022546-bc880c9,hog_svm,raw_gray,blur,5.0,weighted_f1,0.8403043193006264
20260917T022546-bc880c9,hog_svm,raw_gray,blur,5.0,n_samples,12630.0
20260917T022546-bc880c9,cnn_feat_svm,raw_gray,blur,5.0,accuracy,0.9626286619160729
20260917T022546-bc880c9,cnn_feat_svm,raw_gray,blur,5.0,macro_f1,0.9367717353464234
20260917T022546-bc880c9,cnn_feat_svm,raw_gray,blur,5.0,weighted_f1,0.9619003944350395
20260917T022546-bc880c9,cnn_feat_svm,raw_gray,blur,5.0,n_samples,12630.0
20260917T022546-bc880c9,cnn_e2e,raw_gray,blur,5.0,accuracy,0.9616785431512272
20260917T022546-bc880c9,cnn_e2e,raw_gray,blur,5.0,macro_f1,0.9417081192705619
20260917T022546-bc880c9,cnn_e2e,raw_gray,blur,5.0,weighted_f1,0.9614913180842488
20260917T022546-bc880c9,cnn_e2e,raw_gray,blur,5.0,n_samples,12630.0
20260917T022546-bc880c9,pca_svm,raw_gray,blur,9.0,accuracy,0.6311955661124308
20260917T022546-bc880c9,pca_svm,raw_gray,blur,9.0,macro_f1,0.5827646697843467
20260917T022546-bc880c9,pca_svm,raw_gray,blur,9.0,weighted_f1,0.6236968066180683
20260917T022546-bc880c9,pca_svm,raw_gray,blur,9.0,n_samples,12630.0
20260917T022546-bc880c9,hog_svm,raw_gray,blur,9.0,accuracy,0.546714172604909
20260917T022546-bc880c9,hog_svm,raw_gray,blur,9.0,macro_f1,0.48693789565793705
20260917T022546-bc880c9,hog_svm,raw_gray,blur,9.0,weighted_f1,0.5318859100871126
20260917T022546-bc880c9,hog_svm,raw_gray,blur,9.0,n_samples,12630.0
20260917T022546-bc880c9,cnn_feat_svm,raw_gray,blur,9.0,accuracy,0.7768012668250198
20260917T022546-bc880c9,cnn_feat_svm,raw_gray,blur,9.0,macro_f1,0.6907380105951154
20260917T022546-bc880c9,cnn_feat_svm,raw_gray,blur,9.0,weighted_f1,0.7777717603882001
20260917T022546-bc880c9,cnn_feat_svm,raw_gray,blur,9.0,n_samples,12630.0
20260917T022546-bc880c9,cnn_e2e,raw_gray,blur,9.0,accuracy,0.7760095011876484
20260917T022546-bc880c9,cnn_e2e,raw_gray,blur,9.0,macro_f1,0.7151219089663144
20260917T022546-bc880c9,cnn_e2e,raw_gray,blur,9.0,weighted_f1,0.7750957140490803
20260917T022546-bc880c9,cnn_e2e,raw_gray,blur,9.0,n_samples,12630.0
20260917T022546-bc880c9,pca_svm,raw_gray,blur,15.0,accuracy,0.38954869358669836
20260917T022546-bc880c9,pca_svm,raw_gray,blur,15.0,macro_f1,0.3244811845942969
20260917T022546-bc880c9,pca_svm,raw_gray,blur,15.0,weighted_f1,0.3786500555391467
20260917T022546-bc880c9,pca_svm,raw_gray,blur,15.0,n_samples,12630.0
20260917T022546-bc880c9,hog_svm,raw_gray,blur,15.0,accuracy,0.29920823436262867
20260917T022546-bc880c9,hog_svm,raw_gray,blur,15.0,macro_f1,0.21613817674135485
20260917T022546-bc880c9,hog_svm,raw_gray,blur,15.0,weighted_f1,0.2893110527301024
20260917T022546-bc880c9,hog_svm,raw_gray,blur,15.0,n_samples,12630.0
20260917T022546-bc880c9,cnn_feat_svm,raw_gray,blur,15.0,accuracy,0.4429136975455265
20260917T022546-bc880c9,cnn_feat_svm,raw_gray,blur,15.0,macro_f1,0.3553785751915785
20260917T022546-bc880c9,cnn_feat_svm,raw_gray,blur,15.0,weighted_f1,0.44753203168008593
20260917T022546-bc880c9,cnn_feat_svm,raw_gray,blur,15.0,n_samples,12630.0
20260917T022546-bc880c9,cnn_e2e,raw_gray,blur,15.0,accuracy,0.45629453681710214
20260917T022546-bc880c9,cnn_e2e,raw_gray,blur,15.0,macro_f1,0.3836632154681273
20260917T022546-bc880c9,cnn_e2e,raw_gray,blur,15.0,weighted_f1,0.449118413623996
20260917T022546-bc880c9,cnn_e2e,raw_gray,blur,15.0,n_samples,12630.0
20260917T022546-bc880c9,pca_svm,raw_gray,gamma,0.4,accuracy,0.622486144101346
20260917T022546-bc880c9,pca_svm,raw_gray,gamma,0.4,macro_f1,0.5949720927003237
20260917T022546-bc880c9,pca_svm,raw_gray,gamma,0.4,weighted_f1,0.6067680748621119
20260917T022546-bc880c9,pca_svm,raw_gray,gamma,0.4,n_samples,12630.0
20260917T022546-bc880c9,hog_svm,raw_gray,gamma,0.4,accuracy,0.9235946159936659
20260917T022546-bc880c9,hog_svm,raw_gray,gamma,0.4,macro_f1,0.9052192490615152
20260917T022546-bc880c9,hog_svm,raw_gray,gamma,0.4,weighted_f1,0.922898399985149
20260917T022546-bc880c9,hog_svm,raw_gray,gamma,0.4,n_samples,12630.0
20260917T022546-bc880c9,cnn_feat_svm,raw_gray,gamma,0.4,accuracy,0.972209026128266
20260917T022546-bc880c9,cnn_feat_svm,raw_gray,gamma,0.4,macro_f1,0.9551308568625465
20260917T022546-bc880c9,cnn_feat_svm,raw_gray,gamma,0.4,weighted_f1,0.9719669330376541
20260917T022546-bc880c9,cnn_feat_svm,raw_gray,gamma,0.4,n_samples,12630.0
20260917T022546-bc880c9,cnn_e2e,raw_gray,gamma,0.4,accuracy,0.970387965162312
20260917T022546-bc880c9,cnn_e2e,raw_gray,gamma,0.4,macro_f1,0.9528557454037611
20260917T022546-bc880c9,cnn_e2e,raw_gray,gamma,0.4,weighted_f1,0.9704539383592272
20260917T022546-bc880c9,cnn_e2e,raw_gray,gamma,0.4,n_samples,12630.0
20260917T022546-bc880c9,pca_svm,raw_gray,gamma,0.7,accuracy,0.7764845605700713
20260917T022546-bc880c9,pca_svm,raw_gray,gamma,0.7,macro_f1,0.7469631109211281
20260917T022546-bc880c9,pca_svm,raw_gray,gamma,0.7,weighted_f1,0.7715301342857257
20260917T022546-bc880c9,pca_svm,raw_gray,gamma,0.7,n_samples,12630.0
20260917T022546-bc880c9,hog_svm,raw_gray,gamma,0.7,accuracy,0.9237529691211401
20260917T022546-bc880c9,hog_svm,raw_gray,gamma,0.7,macro_f1,0.904822621355248
20260917T022546-bc880c9,hog_svm,raw_gray,gamma,0.7,weighted_f1,0.9231258794900954
20260917T022546-bc880c9,hog_svm,raw_gray,gamma,0.7,n_samples,12630.0
20260917T022546-bc880c9,cnn_feat_svm,raw_gray,gamma,0.7,accuracy,0.9806809184481393
20260917T022546-bc880c9,cnn_feat_svm,raw_gray,gamma,0.7,macro_f1,0.9652571928596313
20260917T022546-bc880c9,cnn_feat_svm,raw_gray,gamma,0.7,weighted_f1,0.980630485262656
20260917T022546-bc880c9,cnn_feat_svm,raw_gray,gamma,0.7,n_samples,12630.0
20260917T022546-bc880c9,cnn_e2e,raw_gray,gamma,0.7,accuracy,0.9776722090261283
20260917T022546-bc880c9,cnn_e2e,raw_gray,gamma,0.7,macro_f1,0.964441667370258
20260917T022546-bc880c9,cnn_e2e,raw_gray,gamma,0.7,weighted_f1,0.9777767263649474
20260917T022546-bc880c9,cnn_e2e,raw_gray,gamma,0.7,n_samples,12630.0
20260917T022546-bc880c9,pca_svm,raw_gray,gamma,1.0,accuracy,0.7985748218527315
20260917T022546-bc880c9,pca_svm,raw_gray,gamma,1.0,macro_f1,0.7524881473732479
20260917T022546-bc880c9,pca_svm,raw_gray,gamma,1.0,weighted_f1,0.7945003993139007
20260917T022546-bc880c9,pca_svm,raw_gray,gamma,1.0,n_samples,12630.0
20260917T022546-bc880c9,hog_svm,raw_gray,gamma,1.0,accuracy,0.9238321456848773
20260917T022546-bc880c9,hog_svm,raw_gray,gamma,1.0,macro_f1,0.9061555046744536
20260917T022546-bc880c9,hog_svm,raw_gray,gamma,1.0,weighted_f1,0.9233697659479404
20260917T022546-bc880c9,hog_svm,raw_gray,gamma,1.0,n_samples,12630.0
20260917T022546-bc880c9,cnn_feat_svm,raw_gray,gamma,1.0,accuracy,0.9804433887569279
20260917T022546-bc880c9,cnn_feat_svm,raw_gray,gamma,1.0,macro_f1,0.9651456284118336
20260917T022546-bc880c9,cnn_feat_svm,raw_gray,gamma,1.0,weighted_f1,0.9801368328292748
20260917T022546-bc880c9,cnn_feat_svm,raw_gray,gamma,1.0,n_samples,12630.0
20260917T022546-bc880c9,cnn_e2e,raw_gray,gamma,1.0,accuracy,0.9785431512272368
20260917T022546-bc880c9,cnn_e2e,raw_gray,gamma,1.0,macro_f1,0.9683772712837745
20260917T022546-bc880c9,cnn_e2e,raw_gray,gamma,1.0,weighted_f1,0.9786279818394272
20260917T022546-bc880c9,cnn_e2e,raw_gray,gamma,1.0,n_samples,12630.0
20260917T022546-bc880c9,pca_svm,raw_gray,gamma,1.5,accuracy,0.7302454473475851
20260917T022546-bc880c9,pca_svm,raw_gray,gamma,1.5,macro_f1,0.6831011540286184
20260917T022546-bc880c9,pca_svm,raw_gray,gamma,1.5,weighted_f1,0.7338361317025789
20260917T022546-bc880c9,pca_svm,raw_gray,gamma,1.5,n_samples,12630.0
20260917T022546-bc880c9,hog_svm,raw_gray,gamma,1.5,accuracy,0.9188440221694378
20260917T022546-bc880c9,hog_svm,raw_gray,gamma,1.5,macro_f1,0.8970927813928914
20260917T022546-bc880c9,hog_svm,raw_gray,gamma,1.5,weighted_f1,0.9187777110860107
20260917T022546-bc880c9,hog_svm,raw_gray,gamma,1.5,n_samples,12630.0
20260917T022546-bc880c9,cnn_feat_svm,raw_gray,gamma,1.5,accuracy,0.9699129057798892
20260917T022546-bc880c9,cnn_feat_svm,raw_gray,gamma,1.5,macro_f1,0.9534058025055809
20260917T022546-bc880c9,cnn_feat_svm,raw_gray,gamma,1.5,weighted_f1,0.9693878859147506
20260917T022546-bc880c9,cnn_feat_svm,raw_gray,gamma,1.5,n_samples,12630.0
20260917T022546-bc880c9,cnn_e2e,raw_gray,gamma,1.5,accuracy,0.9655581947743468
20260917T022546-bc880c9,cnn_e2e,raw_gray,gamma,1.5,macro_f1,0.9537780901222986
20260917T022546-bc880c9,cnn_e2e,raw_gray,gamma,1.5,weighted_f1,0.9655047539721467
20260917T022546-bc880c9,cnn_e2e,raw_gray,gamma,1.5,n_samples,12630.0
20260917T022546-bc880c9,pca_svm,raw_gray,gamma,2.5,accuracy,0.5540775930324624
20260917T022546-bc880c9,pca_svm,raw_gray,gamma,2.5,macro_f1,0.5438808968413545
20260917T022546-bc880c9,pca_svm,raw_gray,gamma,2.5,weighted_f1,0.5826902760420786
20260917T022546-bc880c9,pca_svm,raw_gray,gamma,2.5,n_samples,12630.0
20260917T022546-bc880c9,hog_svm,raw_gray,gamma,2.5,accuracy,0.8409342834520982
20260917T022546-bc880c9,hog_svm,raw_gray,gamma,2.5,macro_f1,0.8084460937924145
20260917T022546-bc880c9,hog_svm,raw_gray,gamma,2.5,weighted_f1,0.8408772759379346
20260917T022546-bc880c9,hog_svm,raw_gray,gamma,2.5,n_samples,12630.0
20260917T022546-bc880c9,cnn_feat_svm,raw_gray,gamma,2.5,accuracy,0.8262074425969913
20260917T022546-bc880c9,cnn_feat_svm,raw_gray,gamma,2.5,macro_f1,0.8317557389748107
20260917T022546-bc880c9,cnn_feat_svm,raw_gray,gamma,2.5,weighted_f1,0.8402412800216047
20260917T022546-bc880c9,cnn_feat_svm,raw_gray,gamma,2.5,n_samples,12630.0
20260917T022546-bc880c9,cnn_e2e,raw_gray,gamma,2.5,accuracy,0.8113222486144102
20260917T022546-bc880c9,cnn_e2e,raw_gray,gamma,2.5,macro_f1,0.8337509362107561
20260917T022546-bc880c9,cnn_e2e,raw_gray,gamma,2.5,weighted_f1,0.8343959599678497
20260917T022546-bc880c9,cnn_e2e,raw_gray,gamma,2.5,n_samples,12630.0
20260917T023936-bc880c9,bovw_svm,raw_gray,clean,0.0,accuracy,0.9140934283452098
20260917T023936-bc880c9,bovw_svm,raw_gray,clean,0.0,macro_f1,0.8595773247753212
20260917T023936-bc880c9,bovw_svm,raw_gray,clean,0.0,weighted_f1,0.9124743235479429
20260917T023936-bc880c9,bovw_svm,raw_gray,clean,0.0,n_samples,12630.0
20260917T023936-bc880c9,bovw_svm,raw_gray,clean,0.0,f1_class_0,0.7924528301886793
20260917T023936-bc880c9,bovw_svm,raw_gray,clean,0.0,f1_class_1,0.9530386740331491
20260917T023936-bc880c9,bovw_svm,raw_gray,clean,0.0,f1_class_2,0.9307589880159787
20260917T023936-bc880c9,bovw_svm,raw_gray,clean,0.0,f1_class_3,0.9237379162191193
20260917T023936-bc880c9,bovw_svm,raw_gray,clean,0.0,f1_class_4,0.9385898407884761
20260917T023936-bc880c9,bovw_svm,raw_gray,clean,0.0,f1_class_5,0.914332784184514
20260917T023936-bc880c9,bovw_svm,raw_gray,clean,0.0,f1_class_6,0.9
20260917T023936-bc880c9,bovw_svm,raw_gray,clean,0.0,f1_class_7,0.9614512471655329
20260917T023936-bc880c9,bovw_svm,raw_gray,clean,0.0,f1_class_8,0.9239250275633958
20260917T023936-bc880c9,bovw_svm,raw_gray,clean,0.0,f1_class_9,0.9596690796277145
20260917T023936-bc880c9,bovw_svm,raw_gray,clean,0.0,f1_class_10,0.9732620320855615
20260917T023936-bc880c9,bovw_svm,raw_gray,clean,0.0,f1_class_11,0.851581508515815
20260917T023936-bc880c9,bovw_svm,raw_gray,clean,0.0,f1_class_12,0.9679258731290092
20260917T023936-bc880c9,bovw_svm,raw_gray,clean,0.0,f1_class_13,0.9649595687331537
20260917T023936-bc880c9,bovw_svm,raw_gray,clean,0.0,f1_class_14,0.9734848484848485
20260917T023936-bc880c9,bovw_svm,raw_gray,clean,0.0,f1_class_15,0.9696969696969697
20260917T023936-bc880c9,bovw_svm,raw_gray,clean,0.0,f1_class_16,0.9966777408637874
20260917T023936-bc880c9,bovw_svm,raw_gray,clean,0.0,f1_class_17,0.9607577807848444
20260917T023936-bc880c9,bovw_svm,raw_gray,clean,0.0,f1_class_18,0.7371695178849145
20260917T023936-bc880c9,bovw_svm,raw_gray,clean,0.0,f1_class_19,0.8396946564885496
20260917T023936-bc880c9,bovw_svm,raw_gray,clean,0.0,f1_class_20,0.8669950738916257
20260917T023936-bc880c9,bovw_svm,raw_gray,clean,0.0,f1_class_21,0.4186046511627907
20260917T023936-bc880c9,bovw_svm,raw_gray,clean,0.0,f1_class_22,0.7027027027027027
20260917T023936-bc880c9,bovw_svm,raw_gray,clean,0.0,f1_class_23,0.6690391459074733
20260917T023936-bc880c9,bovw_svm,raw_gray,clean,0.0,f1_class_24,0.8587570621468926
20260917T023936-bc880c9,bovw_svm,raw_gray,clean,0.0,f1_class_25,0.9549180327868853
20260917T023936-bc880c9,bovw_svm,raw_gray,clean,0.0,f1_class_26,0.7494356659142212
20260917T023936-bc880c9,bovw_svm,raw_gray,clean,0.0,f1_class_27,0.3963963963963964
20260917T023936-bc880c9,bovw_svm,raw_gray,clean,0.0,f1_class_28,0.8424242424242424
20260917T023936-bc880c9,bovw_svm,raw_gray,clean,0.0,f1_class_29,0.8654970760233918
20260917T023936-bc880c9,bovw_svm,raw_gray,clean,0.0,f1_class_30,0.64
20260917T023936-bc880c9,bovw_svm,raw_gray,clean,0.0,f1_class_31,0.8952042628774423
20260917T023936-bc880c9,bovw_svm,raw_gray,clean,0.0,f1_class_32,0.5172413793103449
20260917T023936-bc880c9,bovw_svm,raw_gray,clean,0.0,f1_class_33,0.9339407744874715
20260917T023936-bc880c9,bovw_svm,raw_gray,clean,0.0,f1_class_34,0.9448818897637795
20260917T023936-bc880c9,bovw_svm,raw_gray,clean,0.0,f1_class_35,0.9718670076726342
20260917T023936-bc880c9,bovw_svm,raw_gray,clean,0.0,f1_class_36,0.9547325102880658
20260917T023936-bc880c9,bovw_svm,raw_gray,clean,0.0,f1_class_37,0.9122807017543859
20260917T023936-bc880c9,bovw_svm,raw_gray,clean,0.0,f1_class_38,0.9643117261471231
20260917T023936-bc880c9,bovw_svm,raw_gray,clean,0.0,f1_class_39,0.9206349206349206
20260917T023936-bc880c9,bovw_svm,raw_gray,clean,0.0,f1_class_40,0.7956989247311828
20260917T023936-bc880c9,bovw_svm,raw_gray,clean,0.0,f1_class_41,0.9354838709677419
20260917T023936-bc880c9,bovw_svm,raw_gray,clean,0.0,f1_class_42,0.8176100628930818
20260917T023936-bc880c9,bovw_svm,raw_gray,noise,0.0,accuracy,0.9140934283452098
20260917T023936-bc880c9,bovw_svm,raw_gray,noise,0.0,macro_f1,0.8595773247753212
20260917T023936-bc880c9,bovw_svm,raw_gray,noise,0.0,weighted_f1,0.9124743235479429
20260917T023936-bc880c9,bovw_svm,raw_gray,noise,0.0,n_samples,12630.0
20260917T023936-bc880c9,bovw_svm,raw_gray,noise,5.0,accuracy,0.9041171813143309
20260917T023936-bc880c9,bovw_svm,raw_gray,noise,5.0,macro_f1,0.8462930122418023
20260917T023936-bc880c9,bovw_svm,raw_gray,noise,5.0,weighted_f1,0.9027207408477457
20260917T023936-bc880c9,bovw_svm,raw_gray,noise,5.0,n_samples,12630.0
20260917T023936-bc880c9,bovw_svm,raw_gray,noise,10.0,accuracy,0.868012668250198
20260917T023936-bc880c9,bovw_svm,raw_gray,noise,10.0,macro_f1,0.8038037664102211
20260917T023936-bc880c9,bovw_svm,raw_gray,noise,10.0,weighted_f1,0.8668649410896654
20260917T023936-bc880c9,bovw_svm,raw_gray,noise,10.0,n_samples,12630.0
20260917T023936-bc880c9,bovw_svm,raw_gray,noise,20.0,accuracy,0.7628661916072842
20260917T023936-bc880c9,bovw_svm,raw_gray,noise,20.0,macro_f1,0.7116954945480715
20260917T023936-bc880c9,bovw_svm,raw_gray,noise,20.0,weighted_f1,0.7711300442526682
20260917T023936-bc880c9,bovw_svm,raw_gray,noise,20.0,n_samples,12630.0
20260917T023936-bc880c9,bovw_svm,raw_gray,noise,40.0,accuracy,0.580522565320665
20260917T023936-bc880c9,bovw_svm,raw_gray,noise,40.0,macro_f1,0.5638802600467905
20260917T023936-bc880c9,bovw_svm,raw_gray,noise,40.0,weighted_f1,0.6064034238064556
20260917T023936-bc880c9,bovw_svm,raw_gray,noise,40.0,n_samples,12630.0
20260917T023936-bc880c9,bovw_svm,raw_gray,blur,0.0,accuracy,0.9140934283452098
20260917T023936-bc880c9,bovw_svm,raw_gray,blur,0.0,macro_f1,0.8595773247753212
20260917T023936-bc880c9,bovw_svm,raw_gray,blur,0.0,weighted_f1,0.9124743235479429
20260917T023936-bc880c9,bovw_svm,raw_gray,blur,0.0,n_samples,12630.0
20260917T023936-bc880c9,bovw_svm,raw_gray,blur,3.0,accuracy,0.9047505938242281
20260917T023936-bc880c9,bovw_svm,raw_gray,blur,3.0,macro_f1,0.8456322288516864
20260917T023936-bc880c9,bovw_svm,raw_gray,blur,3.0,weighted_f1,0.9034001560780185
20260917T023936-bc880c9,bovw_svm,raw_gray,blur,3.0,n_samples,12630.0
20260917T023936-bc880c9,bovw_svm,raw_gray,blur,5.0,accuracy,0.8723673792557403
20260917T023936-bc880c9,bovw_svm,raw_gray,blur,5.0,macro_f1,0.7977609735500762
20260917T023936-bc880c9,bovw_svm,raw_gray,blur,5.0,weighted_f1,0.8709918735082298
20260917T023936-bc880c9,bovw_svm,raw_gray,blur,5.0,n_samples,12630.0
20260917T023936-bc880c9,bovw_svm,raw_gray,blur,9.0,accuracy,0.6383214568487727
20260917T023936-bc880c9,bovw_svm,raw_gray,blur,9.0,macro_f1,0.5274915976612887
20260917T023936-bc880c9,bovw_svm,raw_gray,blur,9.0,weighted_f1,0.6330081154197176
20260917T023936-bc880c9,bovw_svm,raw_gray,blur,9.0,n_samples,12630.0
20260917T023936-bc880c9,bovw_svm,raw_gray,blur,15.0,accuracy,0.2683293745051465
20260917T023936-bc880c9,bovw_svm,raw_gray,blur,15.0,macro_f1,0.17831665761561943
20260917T023936-bc880c9,bovw_svm,raw_gray,blur,15.0,weighted_f1,0.24405689748837342
20260917T023936-bc880c9,bovw_svm,raw_gray,blur,15.0,n_samples,12630.0
20260917T023936-bc880c9,bovw_svm,raw_gray,gamma,0.4,accuracy,0.9094220110847189
20260917T023936-bc880c9,bovw_svm,raw_gray,gamma,0.4,macro_f1,0.850035746497527
20260917T023936-bc880c9,bovw_svm,raw_gray,gamma,0.4,weighted_f1,0.9072071699696318
20260917T023936-bc880c9,bovw_svm,raw_gray,gamma,0.4,n_samples,12630.0
20260917T023936-bc880c9,bovw_svm,raw_gray,gamma,0.7,accuracy,0.913064133016627
20260917T023936-bc880c9,bovw_svm,raw_gray,gamma,0.7,macro_f1,0.8573592011190825
20260917T023936-bc880c9,bovw_svm,raw_gray,gamma,0.7,weighted_f1,0.9112214418500845
20260917T023936-bc880c9,bovw_svm,raw_gray,gamma,0.7,n_samples,12630.0
20260917T023936-bc880c9,bovw_svm,raw_gray,gamma,1.0,accuracy,0.9140934283452098
20260917T023936-bc880c9,bovw_svm,raw_gray,gamma,1.0,macro_f1,0.8595773247753212
20260917T023936-bc880c9,bovw_svm,raw_gray,gamma,1.0,weighted_f1,0.9124743235479429
20260917T023936-bc880c9,bovw_svm,raw_gray,gamma,1.0,n_samples,12630.0
20260917T023936-bc880c9,bovw_svm,raw_gray,gamma,1.5,accuracy,0.9117973079968329
20260917T023936-bc880c9,bovw_svm,raw_gray,gamma,1.5,macro_f1,0.8558331105666751
20260917T023936-bc880c9,bovw_svm,raw_gray,gamma,1.5,weighted_f1,0.9109334576283402
20260917T023936-bc880c9,bovw_svm,raw_gray,gamma,1.5,n_samples,12630.0
20260917T023936-bc880c9,bovw_svm,raw_gray,gamma,2.5,accuracy,0.8873317498020586
20260917T023936-bc880c9,bovw_svm,raw_gray,gamma,2.5,macro_f1,0.8188945005028054
20260917T023936-bc880c9,bovw_svm,raw_gray,gamma,2.5,weighted_f1,0.8869880635132263
20260917T023936-bc880c9,bovw_svm,raw_gray,gamma,2.5,n_samples,12630.0
20260917T075458-46c5052,pca_svm,raw_gray,clean,0.0,val_accuracy,0.8171136653895275
20260917T075458-46c5052,pca_svm,raw_gray,clean,0.0,val_macro_f1,0.7662117011421662
20260917T075458-46c5052,pca_svm,raw_gray,clean,0.0,val_weighted_f1,0.8172546698195546
20260917T075458-46c5052,pca_svm,raw_gray,clean,0.0,val_n_samples,7830.0
20260917T075458-46c5052,pca_svm,raw_gray,clean,0.0,val_f1_class_0,0.5569620253164557
20260917T075458-46c5052,pca_svm,raw_gray,clean,0.0,val_f1_class_1,0.7728337236533958
20260917T075458-46c5052,pca_svm,raw_gray,clean,0.0,val_f1_class_2,0.8282138794084186
20260917T075458-46c5052,pca_svm,raw_gray,clean,0.0,val_f1_class_3,0.7663230240549829
20260917T075458-46c5052,pca_svm,raw_gray,clean,0.0,val_f1_class_4,0.7815230961298377
20260917T075458-46c5052,pca_svm,raw_gray,clean,0.0,val_f1_class_5,0.6870967741935484
20260917T075458-46c5052,pca_svm,raw_gray,clean,0.0,val_f1_class_6,0.7125506072874493
20260917T075458-46c5052,pca_svm,raw_gray,clean,0.0,val_f1_class_7,0.7971014492753623
20260917T075458-46c5052,pca_svm,raw_gray,clean,0.0,val_f1_class_8,0.7167235494880546
20260917T075458-46c5052,pca_svm,raw_gray,clean,0.0,val_f1_class_9,0.9367521367521368
20260917T075458-46c5052,pca_svm,raw_gray,clean,0.0,val_f1_class_10,0.9341614906832298
20260917T075458-46c5052,pca_svm,raw_gray,clean,0.0,val_f1_class_11,0.9376181474480151
20260917T075458-46c5052,pca_svm,raw_gray,clean,0.0,val_f1_class_12,0.7820224719101123
20260917T075458-46c5052,pca_svm,raw_gray,clean,0.0,val_f1_class_13,0.9388235294117647
20260917T075458-46c5052,pca_svm,raw_gray,clean,0.0,val_f1_class_14,0.8937728937728938
20260917T075458-46c5052,pca_svm,raw_gray,clean,0.0,val_f1_class_15,0.6710963455149501
20260917T075458-46c5052,pca_svm,raw_gray,clean,0.0,val_f1_class_16,0.989010989010989
20260917T075458-46c5052,pca_svm,raw_gray,clean,0.0,val_f1_class_17,0.9764150943396226
20260917T075458-46c5052,pca_svm,raw_gray,clean,0.0,val_f1_class_18,0.8782608695652174
20260917T075458-46c5052,pca_svm,raw_gray,clean,0.0,val_f1_class_19,0.4827586206896552
20260917T075458-46c5052,pca_svm,raw_gray,clean,0.0,val_f1_class_20,0.5521472392638037
20260917T075458-46c5052,pca_svm,raw_gray,clean,0.0,val_f1_class_21,0.7967479674796748
20260917T075458-46c5052,pca_svm,raw_gray,clean,0.0,val_f1_class_22,0.918918918918919
20260917T075458-46c5052,pca_svm,raw_gray,clean,0.0,val_f1_class_23,0.7619047619047619
20260917T075458-46c5052,pca_svm,raw_gray,clean,0.0,val_f1_class_24,0.6
20260917T075458-46c5052,pca_svm,raw_gray,clean,0.0,val_f1_class_25,0.8450704225352113
20260917T075458-46c5052,pca_svm,raw_gray,clean,0.0,val_f1_class_26,0.889763779527559
20260917T075458-46c5052,pca_svm,raw_gray,clean,0.0,val_f1_class_27,0.7524752475247525
20260917T075458-46c5052,pca_svm,raw_gray,clean,0.0,val_f1_class_28,0.6344086021505376
20260917T075458-46c5052,pca_svm,raw_gray,clean,0.0,val_f1_class_29,0.23300970873786409
20260917T075458-46c5052,pca_svm,raw_gray,clean,0.0,val_f1_class_30,0.6766169154228856
20260917T075458-46c5052,pca_svm,raw_gray,clean,0.0,val_f1_class_31,0.7291666666666666
20260917T075458-46c5052,pca_svm,raw_gray,clean,0.0,val_f1_class_32,0.35135135135135137
20260917T075458-46c5052,pca_svm,raw_gray,clean,0.0,val_f1_class_33,0.9025974025974026
20260917T075458-46c5052,pca_svm,raw_gray,clean,0.0,val_f1_class_34,0.9662921348314607
20260917T075458-46c5052,pca_svm,raw_gray,clean,0.0,val_f1_class_35,0.9114470842332614
20260917T075458-46c5052,pca_svm,raw_gray,clean,0.0,val_f1_class_36,0.8323699421965318
20260917T075458-46c5052,pca_svm,raw_gray,clean,0.0,val_f1_class_37,0.9523809523809523
20260917T075458-46c5052,pca_svm,raw_gray,clean,0.0,val_f1_class_38,0.9310761789600968
20260917T075458-46c5052,pca_svm,raw_gray,clean,0.0,val_f1_class_39,0.96
20260917T075458-46c5052,pca_svm,raw_gray,clean,0.0,val_f1_class_40,0.3870967741935484
20260917T075458-46c5052,pca_svm,raw_gray,clean,0.0,val_f1_class_41,0.37735849056603776
20260917T075458-46c5052,pca_svm,raw_gray,clean,0.0,val_f1_class_42,0.9448818897637795
20260917T075458-46c5052,pca_svm,raw_gray,clean,0.0,train_seconds,33.32921583001735
20260917T075458-46c5052,pca_svm,raw_gray,clean,0.0,inference_seconds,0.0541770740528591
20260917T075458-46c5052,pca_svm,raw_gray,clean,0.0,inference_ms_per_image,0.006919166545703588
20260917T075458-46c5052,pca_svm,raw_gray,clean,0.0,inference_single_seconds,0.0003268420114181936
20260917T075458-46c5052,pca_svm,raw_gray,clean,0.0,inference_single_ms_per_image,0.3268420114181936
20260917T075458-46c5052,pca_svm,raw_gray,clean,0.0,selected_n_components,256.0
20260917T075458-46c5052,pca_svm,raw_gray,clean,0.0,selected_C,0.1
20260917T075458-46c5052,pca_svm,raw_gray,clean,0.0,selected_class_weight_balanced,1.0
20260917T075458-46c5052,pca_svm,raw_gray,clean,0.0,feature_dim,256.0
20260917T075458-46c5052,pca_svm,raw_gray,clean,0.0,model_size_mb,2.347893714904785
20260917T075458-46c5052,pca_svm,raw_gray,clean,0.0,n_train_images,31379.0
20260917T075531-46c5052,pca_svm,raw_gray,clean,0.0,accuracy,0.7931908155186065
20260917T075531-46c5052,pca_svm,raw_gray,clean,0.0,macro_f1,0.7311986123145334
20260917T075531-46c5052,pca_svm,raw_gray,clean,0.0,weighted_f1,0.794761913597296
20260917T075531-46c5052,pca_svm,raw_gray,clean,0.0,n_samples,12630.0
20260917T075531-46c5052,pca_svm,raw_gray,clean,0.0,f1_class_0,0.5
20260917T075531-46c5052,pca_svm,raw_gray,clean,0.0,f1_class_1,0.808199121522694
20260917T075531-46c5052,pca_svm,raw_gray,clean,0.0,f1_class_2,0.8233034571062741
20260917T075531-46c5052,pca_svm,raw_gray,clean,0.0,f1_class_3,0.7484143763213531
20260917T075531-46c5052,pca_svm,raw_gray,clean,0.0,f1_class_4,0.7676923076923077
20260917T075531-46c5052,pca_svm,raw_gray,clean,0.0,f1_class_5,0.6774193548387096
20260917T075531-46c5052,pca_svm,raw_gray,clean,0.0,f1_class_6,0.6853146853146853
20260917T075531-46c5052,pca_svm,raw_gray,clean,0.0,f1_class_7,0.7242603550295857
20260917T075531-46c5052,pca_svm,raw_gray,clean,0.0,f1_class_8,0.7159209157127991
20260917T075531-46c5052,pca_svm,raw_gray,clean,0.0,f1_class_9,0.8761061946902655
20260917T075531-46c5052,pca_svm,raw_gray,clean,0.0,f1_class_10,0.8882395909422937
20260917T075531-46c5052,pca_svm,raw_gray,clean,0.0,f1_class_11,0.8471177944862155
20260917T075531-46c5052,pca_svm,raw_gray,clean,0.0,f1_class_12,0.8016877637130801
20260917T075531-46c5052,pca_svm,raw_gray,clean,0.0,f1_class_13,0.9337931034482758
20260917T075531-46c5052,pca_svm,raw_gray,clean,0.0,f1_class_14,0.872
20260917T075531-46c5052,pca_svm,raw_gray,clean,0.0,f1_class_15,0.6766355140186916
20260917T075531-46c5052,pca_svm,raw_gray,clean,0.0,f1_class_16,0.9483870967741935
20260917T075531-46c5052,pca_svm,raw_gray,clean,0.0,f1_class_17,0.9411764705882353
20260917T075531-46c5052,pca_svm,raw_gray,clean,0.0,f1_class_18,0.696165191740413
20260917T075531-46c5052,pca_svm,raw_gray,clean,0.0,f1_class_19,0.5396825396825397
20260917T075531-46c5052,pca_svm,raw_gray,clean,0.0,f1_class_20,0.46494464944649444
20260917T075531-46c5052,pca_svm,raw_gray,clean,0.0,f1_class_21,0.5222929936305732
20260917T075531-46c5052,pca_svm,raw_gray,clean,0.0,f1_class_22,0.9128630705394191
20260917T075531-46c5052,pca_svm,raw_gray,clean,0.0,f1_class_23,0.6643598615916955
20260917T075531-46c5052,pca_svm,raw_gray,clean,0.0,f1_class_24,0.35668789808917195
20260917T075531-46c5052,pca_svm,raw_gray,clean,0.0,f1_class_25,0.9
20260917T075531-46c5052,pca_svm,raw_gray,clean,0.0,f1_class_26,0.7302452316076294
20260917T075531-46c5052,pca_svm,raw_gray,clean,0.0,f1_class_27,0.3652173913043478
20260917T075531-46c5052,pca_svm,raw_gray,clean,0.0,f1_class_28,0.7228070175438597
20260917T075531-46c5052,pca_svm,raw_gray,clean,0.0,f1_class_29,0.6866952789699571
20260917T075531-46c5052,pca_svm,raw_gray,clean,0.0,f1_class_30,0.4825174825174825
20260917T075531-46c5052,pca_svm,raw_gray,clean,0.0,f1_class_31,0.7760141093474426
20260917T075531-46c5052,pca_svm,raw_gray,clean,0.0,f1_class_32,0.34965034965034963
20260917T075531-46c5052,pca_svm,raw_gray,clean,0.0,f1_class_33,0.8143459915611815
20260917T075531-46c5052,pca_svm,raw_gray,clean,0.0,f1_class_34,0.9306122448979591
20260917T075531-46c5052,pca_svm,raw_gray,clean,0.0,f1_class_35,0.8848821081830791
20260917T075531-46c5052,pca_svm,raw_gray,clean,0.0,f1_class_36,0.9008264462809917
20260917T075531-46c5052,pca_svm,raw_gray,clean,0.0,f1_class_37,0.8135593220338984
20260917T075531-46c5052,pca_svm,raw_gray,clean,0.0,f1_class_38,0.9154013015184381
20260917T075531-46c5052,pca_svm,raw_gray,clean,0.0,f1_class_39,0.8316831683168316
20260917T075531-46c5052,pca_svm,raw_gray,clean,0.0,f1_class_40,0.6021505376344086
20260917T075531-46c5052,pca_svm,raw_gray,clean,0.0,f1_class_41,0.6
20260917T075531-46c5052,pca_svm,raw_gray,clean,0.0,f1_class_42,0.7422680412371134
20260917T075531-46c5052,pca_svm,raw_gray,noise,0.0,accuracy,0.7931908155186065
20260917T075531-46c5052,pca_svm,raw_gray,noise,0.0,macro_f1,0.7311986123145334
20260917T075531-46c5052,pca_svm,raw_gray,noise,0.0,weighted_f1,0.794761913597296
20260917T075531-46c5052,pca_svm,raw_gray,noise,0.0,n_samples,12630.0
20260917T075531-46c5052,pca_svm,raw_gray,noise,5.0,accuracy,0.7879651623119557
20260917T075531-46c5052,pca_svm,raw_gray,noise,5.0,macro_f1,0.7264177539588765
20260917T075531-46c5052,pca_svm,raw_gray,noise,5.0,weighted_f1,0.7894712742558081
20260917T075531-46c5052,pca_svm,raw_gray,noise,5.0,n_samples,12630.0
20260917T075531-46c5052,pca_svm,raw_gray,noise,10.0,accuracy,0.7741092636579573
20260917T075531-46c5052,pca_svm,raw_gray,noise,10.0,macro_f1,0.7123818232283131
20260917T075531-46c5052,pca_svm,raw_gray,noise,10.0,weighted_f1,0.776412667639396
20260917T075531-46c5052,pca_svm,raw_gray,noise,10.0,n_samples,12630.0
20260917T075531-46c5052,pca_svm,raw_gray,noise,20.0,accuracy,0.7193190815518606
20260917T075531-46c5052,pca_svm,raw_gray,noise,20.0,macro_f1,0.6564024297162923
20260917T075531-46c5052,pca_svm,raw_gray,noise,20.0,weighted_f1,0.7220888943349314
20260917T075531-46c5052,pca_svm,raw_gray,noise,20.0,n_samples,12630.0
20260917T075531-46c5052,pca_svm,raw_gray,noise,40.0,accuracy,0.6099762470308788
20260917T075531-46c5052,pca_svm,raw_gray,noise,40.0,macro_f1,0.5605946719185977
20260917T075531-46c5052,pca_svm,raw_gray,noise,40.0,weighted_f1,0.6146560126102509
20260917T075531-46c5052,pca_svm,raw_gray,noise,40.0,n_samples,12630.0
20260917T075531-46c5052,pca_svm,raw_gray,blur,0.0,accuracy,0.7931908155186065
20260917T075531-46c5052,pca_svm,raw_gray,blur,0.0,macro_f1,0.7311986123145334
20260917T075531-46c5052,pca_svm,raw_gray,blur,0.0,weighted_f1,0.794761913597296
20260917T075531-46c5052,pca_svm,raw_gray,blur,0.0,n_samples,12630.0
20260917T075531-46c5052,pca_svm,raw_gray,blur,3.0,accuracy,0.7878068091844814
20260917T075531-46c5052,pca_svm,raw_gray,blur,3.0,macro_f1,0.7278388078407204
20260917T075531-46c5052,pca_svm,raw_gray,blur,3.0,weighted_f1,0.7889310560969148
20260917T075531-46c5052,pca_svm,raw_gray,blur,3.0,n_samples,12630.0
20260917T075531-46c5052,pca_svm,raw_gray,blur,5.0,accuracy,0.7672209026128266
20260917T075531-46c5052,pca_svm,raw_gray,blur,5.0,macro_f1,0.7112831143720281
20260917T075531-46c5052,pca_svm,raw_gray,blur,5.0,weighted_f1,0.7674308311129461
20260917T075531-46c5052,pca_svm,raw_gray,blur,5.0,n_samples,12630.0
20260917T075531-46c5052,pca_svm,raw_gray,blur,9.0,accuracy,0.6334125098970704
20260917T075531-46c5052,pca_svm,raw_gray,blur,9.0,macro_f1,0.5853143310602351
20260917T075531-46c5052,pca_svm,raw_gray,blur,9.0,weighted_f1,0.6325177661465607
20260917T075531-46c5052,pca_svm,raw_gray,blur,9.0,n_samples,12630.0
20260917T075531-46c5052,pca_svm,raw_gray,blur,15.0,accuracy,0.3927157561361837
20260917T075531-46c5052,pca_svm,raw_gray,blur,15.0,macro_f1,0.329878340789425
20260917T075531-46c5052,pca_svm,raw_gray,blur,15.0,weighted_f1,0.38721725867546775
20260917T075531-46c5052,pca_svm,raw_gray,blur,15.0,n_samples,12630.0
20260917T075531-46c5052,pca_svm,raw_gray,gamma,0.4,accuracy,0.6262074425969912
20260917T075531-46c5052,pca_svm,raw_gray,gamma,0.4,macro_f1,0.5843503404180213
20260917T075531-46c5052,pca_svm,raw_gray,gamma,0.4,weighted_f1,0.6111968739919436
20260917T075531-46c5052,pca_svm,raw_gray,gamma,0.4,n_samples,12630.0
20260917T075531-46c5052,pca_svm,raw_gray,gamma,0.7,accuracy,0.7785431512272367
20260917T075531-46c5052,pca_svm,raw_gray,gamma,0.7,macro_f1,0.7332235638236446
20260917T075531-46c5052,pca_svm,raw_gray,gamma,0.7,weighted_f1,0.7753203118337331
20260917T075531-46c5052,pca_svm,raw_gray,gamma,0.7,n_samples,12630.0
20260917T075531-46c5052,pca_svm,raw_gray,gamma,1.0,accuracy,0.7931908155186065
20260917T075531-46c5052,pca_svm,raw_gray,gamma,1.0,macro_f1,0.7311986123145334
20260917T075531-46c5052,pca_svm,raw_gray,gamma,1.0,weighted_f1,0.794761913597296
20260917T075531-46c5052,pca_svm,raw_gray,gamma,1.0,n_samples,12630.0
20260917T075531-46c5052,pca_svm,raw_gray,gamma,1.5,accuracy,0.7003958828186857
20260917T075531-46c5052,pca_svm,raw_gray,gamma,1.5,macro_f1,0.6448286976480809
20260917T075531-46c5052,pca_svm,raw_gray,gamma,1.5,weighted_f1,0.7205882992256829
20260917T075531-46c5052,pca_svm,raw_gray,gamma,1.5,n_samples,12630.0
20260917T075531-46c5052,pca_svm,raw_gray,gamma,2.5,accuracy,0.49382422802850356
20260917T075531-46c5052,pca_svm,raw_gray,gamma,2.5,macro_f1,0.5127440476691877
20260917T075531-46c5052,pca_svm,raw_gray,gamma,2.5,weighted_f1,0.5538503566454909
20260917T075531-46c5052,pca_svm,raw_gray,gamma,2.5,n_samples,12630.0
